longitude,latitude,housing_median_age,total_rooms,total_bedrooms,population,households,median_income
-121.48,38.46,8,10505,1777,6002,1694,4.0516
-121.42,38.47,11,5665,1507,3422,1299,2.3343
-121.43,38.46,18,1378,235,818,262,4.0625
-121.43,38.47,21,1787,291,988,301,4.35
-121.44,38.47,16,1215,223,787,233,4.1597
-121.44,38.47,5,5666,1178,3139,1131,3.3608
-121.44,38.46,10,4446,897,2499,884,3.5461
-121.44,38.43,3,39320,6210,16305,5358,4.9516
-121.41,38.34,24,1605,277,1966,250,3.0833
-121.45,38.37,32,1441,261,629,249,4.4519
-121.5,38.34,36,1212,255,569,256,2.0048
-121.54,38.29,47,1396,254,630,218,2.8616
-121.56,38.26,43,1906,327,996,314,2.9744
-121.51,38.26,52,910,212,429,212,1.6458
-121.57,38.19,36,1395,264,700,244,2.4353
-121.7,38.1,19,4896,1083,2150,905,3.3398
-121.29,36.9,17,3610,593,1734,559,5.8324
-121.37,36.89,21,2471,473,1753,451,4.025
-121.47,36.92,27,2049,417,1230,336,4.6477
-121.53,36.85,23,3359,725,1862,651,2.6719
-121.51,36.86,36,1019,168,602,169,2.625
-121.6,36.88,21,3416,624,1862,595,4.7813
-121.5,36.81,20,1345,230,731,217,4.2333
-121.45,36.86,11,1613,335,1617,342,3.1375
-121.42,36.86,41,440,106,389,94,2.6818
-121.41,36.85,11,1708,394,1474,372,2.8839
-121.4,36.85,50,2666,613,1768,555,2.6598
-121.4,36.84,52,1860,400,1215,367,2.9554
-121.4,36.84,40,2352,536,1430,535,3.0912
-121.41,36.84,23,1771,356,1105,338,3.7049
-121.4,36.86,36,1256,270,910,255,1.9405
-121.38,36.85,13,4115,782,2903,747,3.7316
-121.38,36.84,6,3769,669,2061,648,4.1875
-121.37,36.84,11,1996,382,1023,358,3.5714
-121.38,36.84,17,2625,512,1487,481,3.6354
-121.37,36.83,14,3658,612,1951,600,4.76
-121.4,36.83,11,3701,739,1749,654,3.067
-121.44,36.84,7,1644,338,1143,331,4.005
-121.42,36.85,7,1626,325,677,304,2.3125
-121.32,36.79,30,516,90,288,95,3.6333
-121.36,36.81,7,4609,741,1660,720,5.0871
-121.34,36.76,15,2638,429,1289,357,4.1528
-121.06,36.72,23,395,70,166,52,2.2132
-120.95,36.47,52,1691,301,618,239,3.2292
-117.75,34.01,4,22128,3522,10450,3258,6.1287
-117.78,33.97,2,556,63,179,54,8.4411
-117.72,33.99,14,5622,861,3108,821,5.7763
-117.76,33.98,3,9662,1385,2497,856,6.7172
-117.74,33.97,4,9755,1748,4662,1583,5.6501
-117.72,33.97,16,13290,2062,6931,2023,5.228
-117.71,33.97,10,10856,2278,6474,2199,3.851
-117.7,33.92,4,8301,1333,3941,1236,6.2141
-117.75,33.95,13,984,127,364,119,7.5839
-117.76,33.94,40,1092,213,457,190,5.1165
-117.69,34.09,28,1437,295,724,262,2.725
-117.7,34.08,10,1979,454,1117,389,3.7802
-117.7,34.09,25,1719,331,1098,324,3.625
-117.71,34.08,29,1276,283,1216,316,2.5972
-117.71,34.07,31,1840,380,1187,357,3.8875
-117.69,34.08,30,4255,773,2129,730,4.5185
-117.69,34.07,35,3222,559,1970,550,3.7083
-117.69,34.07,34,4055,739,2470,753,3.8586
-117.69,34.08,14,4136,886,2026,788,3.2344
-117.71,34.07,24,1948,362,1286,364,3.6
-117.7,34.08,33,4674,791,2769,784,4.1448
-117.7,34.07,33,1552,288,1326,303,3.7969
-117.69,34.06,29,873,226,649,198,2.7986
-117.69,34.06,25,1881,433,1337,417,2.5536
-117.7,34.06,25,2054,609,2271,564,2.3049
-117.7,34.06,7,732,145,431,132,2.9107
-117.71,34.06,27,2127,628,1970,534,1.4722
-117.68,34.05,25,1859,463,1070,374,2.5395
-117.69,34.05,10,1875,366,1055,363,4.3264
-117.7,34.05,24,2834,470,1815,471,4.7357
-117.71,34.06,16,1458,295,912,331,3.625
-117.71,34.05,20,2281,444,1545,481,2.5735
-117.72,34.05,31,2220,526,1662,472,2.7321
-117.72,34.05,8,1841,409,1243,394,4.0614
-117.69,34.04,5,4459,896,2028,881,4.0096
-117.7,34.04,13,5301,1025,2870,984,3.5954
-117.71,34.04,20,1950,310,1054,312,4.625
-117.71,34.04,17,4098,733,1859,713,2.9811
-117.72,34.03,17,2902,476,1652,479,5.6029
-117.72,34.02,17,1781,262,860,256,6.5958
-117.73,34.01,36,2340,392,1213,388,4.125
-117.72,34,15,4363,690,2410,666,5.4824
-117.68,34,5,3761,580,2335,648,5.7338
-117.69,34,28,707,154,561,129,2.5781
-117.7,34,15,4905,711,2711,762,5.7021
-117.71,34.02,17,12689,2426,7343,2230,3.6361
-117.71,34.03,11,3467,749,2163,676,3.4267
-117.67,34.03,20,8561,1411,4861,1450,4.7056
-117.68,34.03,16,2859,668,1946,591,3.0396
-117.69,34.03,20,6374,1412,3690,1350,3.4184
-117.68,34.01,20,7326,1555,5718,1538,3.2073
-117.69,34.01,30,2598,573,2170,518,2.3
-117.68,34.15,24,1033,189,486,204,4.1719
-117.66,34.15,25,3430,485,1284,438,8.5282
-117.64,34.15,16,2896,404,1165,379,6.4559
-117.68,34.15,4,4082,578,1996,580,6.7813
-117.68,34.14,4,4791,695,1871,659,6.9532
-117.66,34.14,11,3628,469,1488,463,7.0844
-117.66,34.14,8,1692,253,857,251,6.9418
-117.66,34.15,20,2524,311,965,285,8.0103
-117.65,34.14,16,2196,287,949,289,8.6573
-117.69,34.13,8,2915,371,1271,354,7.9627
-117.67,34.13,10,2846,362,1221,355,7.7234
-117.66,34.13,17,3229,405,1289,407,6.3842
-117.67,34.12,15,3162,495,1145,473,5.3525
-117.66,34.13,19,3995,554,1523,509,6.075
-117.66,34.12,22,2272,278,933,305,8.8204
-117.65,34.14,9,3877,490,1815,490,8.4839
-117.65,34.13,24,2121,296,913,302,5.9328
-117.65,34.12,17,3006,427,1291,406,6.2083
-117.63,34.12,4,4323,775,1479,663,6.0758
-117.64,34.12,18,3605,534,1682,480,5.8407
-117.65,34.11,29,2927,634,1710,623,3.6219
-117.64,34.11,16,2129,420,932,379,2.5868
-117.63,34.11,30,2674,428,1404,456,4.2969
-117.69,34.11,16,2427,522,794,491,2.6929
-117.68,34.12,16,2181,321,1133,350,5.7214
-117.68,34.11,16,3190,471,1414,464,5.5292
-117.66,34.12,16,3853,541,1726,497,6.1195
-117.66,34.11,19,3445,661,1635,580,5.0681
-117.65,34.12,27,2298,340,1071,369,6.5587
-117.65,34.11,28,2788,370,1140,385,5.3368
-117.69,34.1,17,3759,1035,1722,847,2.6074
-117.68,34.1,11,7392,1796,3841,1621,2.8326
-117.67,34.1,28,1263,248,601,219,3.875
-117.67,34.1,19,2969,605,1326,573,4.3438
-117.65,34.1,19,1688,365,622,322,3.6
-117.66,34.1,37,1971,345,939,358,3.4634
-117.66,34.1,26,1855,553,1109,536,2.2429
-117.65,34.1,30,1461,341,1014,345,2.4667
-117.68,34.09,22,1547,334,773,316,2.9812
-117.67,34.09,17,4418,1256,2417,1094,2.7266
-117.66,34.09,26,1151,200,593,188,3.6667
-117.66,34.09,20,2462,496,1117,458,3.2321
-117.66,34.09,23,1426,313,954,319,3.0357
-117.65,34.09,33,2446,396,1209,412,4.3958
-117.62,34.13,20,3216,516,1655,524,5.1261
-117.62,34.11,17,1869,311,831,262,6.148
-117.62,34.11,31,2561,414,1204,435,4.4637
-117.63,34.1,15,4799,1209,2554,1057,2.6582
-117.63,34.09,8,3557,890,2251,765,2.6818
-117.64,34.09,34,2839,659,1822,631,3.05
-117.65,34.09,46,1214,281,701,294,2.7083
-117.65,34.1,44,1526,337,831,326,3.0284
-117.65,34.1,44,2808,585,1444,550,2.7159
-117.68,34.08,21,5662,1185,3067,1055,3.3482
-117.68,34.08,28,2459,492,1230,498,3.0978
-117.67,34.07,29,1840,388,1278,368,3.5036
-117.68,34.07,24,2626,692,2204,647,1.7806
-117.68,34.07,32,1775,314,1067,302,4.0375
-117.65,34.08,35,2621,391,1074,391,4.7176
-117.65,34.08,38,2750,572,1410,483,3.3836
-117.66,34.07,37,2454,511,1165,504,2.9474
-117.66,34.06,24,4043,952,2174,859,2.2244
-117.66,34.07,36,2072,408,964,395,2.8702
-117.66,34.07,33,2081,409,1008,375,2.587
-117.66,34.08,36,1485,236,623,261,3.3036
-117.66,34.08,33,3659,590,1773,615,3.9227
-117.64,34.08,37,2576,468,1284,428,3.3958
-117.64,34.07,43,1970,379,1036,391,3.2083
-117.65,34.08,52,2264,439,1031,437,3.375
-117.65,34.08,40,1609,258,624,242,5.4689
-117.64,34.08,35,1254,241,729,253,3.495
-117.64,34.08,33,1987,455,1369,475,2.4464
-117.63,34.08,38,1810,371,1257,354,3.8355
-117.63,34.07,39,2650,511,1537,495,3.4432
-117.62,34.07,15,4061,811,2884,734,3.3936
-117.62,34.08,30,1372,235,1047,225,3.1597
-117.63,34.09,19,3490,816,2818,688,2.8977
-117.62,34.09,26,3271,595,2259,566,4.0139
-117.62,34.08,22,2626,631,1678,557,3.125
-117.62,34.08,24,2801,554,2064,529,4.4946
-117.61,34.08,20,3550,736,2229,681,3.0199
-117.61,34.09,23,1945,362,1483,383,4.4205
-117.61,34.09,11,2000,391,1503,426,4.6167
-117.6,34.08,15,2700,460,1432,449,4.9063
-117.65,34.07,35,2501,651,1182,591,1.4464
-117.65,34.07,52,1041,252,558,231,1.9236
-117.65,34.06,41,465,130,349,138,2.0893
-117.62,34.07,16,6009,1599,5110,1389,2.5677
-117.64,34.07,30,2787,713,2647,693,2.2765
-117.64,34.07,38,2450,544,1823,536,2.837
-117.64,34.07,52,1644,372,1269,355,2.6913
-117.67,34.06,26,1592,429,1182,365,2.4583
-117.66,34.06,39,1405,339,1489,336,1.608
-117.65,34.06,41,1171,334,1479,334,2.25
-117.64,34.06,43,763,219,851,198,1.7292
-117.64,34.06,50,637,143,590,147,1.9659
-117.63,34.06,39,1210,310,1294,303,2.3636
-117.66,34.05,36,2341,520,2138,523,2.3347
-117.66,34.05,33,960,216,831,222,2.5391
-117.66,34.05,6,5129,1119,2533,949,3.625
-117.67,34.04,16,3260,501,1973,535,4.6563
-117.66,34.04,16,2081,348,1332,356,4.7872
-117.66,34.05,14,2644,525,2021,511,3.6467
-117.66,34.04,10,3657,695,2079,663,4.2054
-117.67,34.05,6,2833,628,1717,589,3.2062
-117.67,34.04,13,2295,374,1284,378,5.2551
-117.68,34.04,27,574,103,321,103,3.9107
-117.65,34.02,9,2107,411,1138,389,4.4042
-117.66,34.03,14,2137,345,1151,352,5.753
-117.67,34.02,16,3042,524,1516,475,4.8906
-117.66,34.02,11,3358,504,1690,482,6.7544
-117.65,34.03,15,4420,903,2373,858,3.449
-117.65,34.04,28,2360,607,2623,592,2.5048
-117.64,34.05,32,1129,251,1378,268,3.0057
-117.64,34.05,27,1407,362,1684,350,2.1944
-117.64,34.03,11,2050,382,1044,371,4.8281
-117.64,34.04,21,1801,507,2556,484,2.4716
-117.64,34.03,10,3194,579,2088,549,4.1779
-117.64,34.02,10,4887,930,2637,831,4.0611
-117.63,34.02,13,4864,729,2780,723,5.6168
-117.62,34.02,9,4265,587,2280,589,5.5632
-117.62,34.03,15,3942,661,2240,621,4.8311
-117.62,34.02,16,2040,325,1207,324,5.0431
-117.61,34.02,15,1791,346,1219,328,3.8125
-117.6,34.02,16,2103,348,1305,356,5.2849
-117.6,34.03,16,1499,232,918,239,5.5677
-117.62,34.05,33,883,211,1007,210,2.8281
-117.61,34.04,8,4116,766,1785,745,3.1672
-117.66,34.02,12,5616,871,3019,782,5.5425
-117.64,34.02,6,248,47,119,42,2.125
-117.61,34.01,25,352,41,99,34,3.9696
-117.61,34.02,8,63,9,25,7,7.7197
-117.64,33.99,29,1005,152,513,149,2.4375
-117.66,34,5,1387,236,855,270,5.411
-117.6,33.98,26,1225,199,717,204,2.7284
-117.63,33.94,36,447,95,2886,85,4.2578
-117.58,34,2,7544,1516,2801,1001,4.0037
-117.57,34.15,3,12806,2219,4249,1499,5.485
-117.57,34.13,5,6135,879,2795,781,5.9369
-117.54,34.12,4,17577,2819,7766,2473,5.1333
-117.54,34.11,16,2114,374,1463,399,3.9241
-117.51,34.14,21,2455,381,1094,327,4.6437
-117.5,34.12,2,11965,1802,4436,1296,5.285
-117.51,34.16,2,718,98,119,50,4.1
-117.55,34.14,3,5710,919,2874,886,5.3638
-117.59,34.16,10,9467,1181,3819,1122,7.8252
-117.58,34.14,7,11818,1745,5499,1600,5.3678
-117.62,34.15,16,13556,1704,5669,1668,6.5138
-117.61,34.14,14,15809,2485,7363,2410,5.5198
-117.61,34.13,21,8416,1386,4308,1341,4.4611
-117.61,34.12,17,6709,1198,3954,1161,4.6997
-117.59,34.13,10,20263,3915,9716,3744,3.8505
-117.58,34.11,14,11635,2055,6443,2009,4.7547
-117.6,34.11,18,6025,1062,3360,1028,4.8889
-117.56,34.12,4,6956,1271,3455,1228,4.7193
-117.56,34.12,4,5351,1210,2988,1101,3.7973
-117.61,34.1,9,18956,4095,10323,3832,3.6033
-117.59,34.1,17,3646,1035,1987,895,2.3603
-117.58,34.1,4,6360,1584,3359,1396,3.5186
-117.58,34.09,27,754,200,746,185,1.9531
-117.59,34.09,16,2401,465,1757,500,3.9755
-117.57,34.07,4,2152,580,1083,441,3.1458
-117.59,34.03,16,3443,562,2130,564,5.0769
-117.59,34.02,14,1463,261,881,245,4.7857
-117.58,34.02,4,5998,1092,3182,1042,5.2692
-117.57,34.02,5,6933,1311,3845,1285,4.6727
-117.53,34.06,18,5605,1303,4028,1145,2.9386
-117.53,34.1,5,2185,488,1379,458,3.7917
-117.42,34.13,4,11587,1796,5804,1705,4.8283
-117.43,34.12,7,5954,1071,3567,1070,3.2056
-117.45,34.13,16,5058,965,3388,878,3.6417
-117.46,34.14,10,714,131,381,119,0.8926
-117.47,34.12,6,10565,1767,5690,1555,4.1797
-117.46,34.1,35,908,226,667,203,2.5833
-117.46,34.1,7,1759,473,1064,328,1.9583
-117.46,34.09,8,4711,963,3310,988,3.5488
-117.48,34.09,32,3170,630,2612,580,3.6394
-117.48,34.09,32,1650,328,1124,290,3.1838
-117.48,34.1,30,2287,531,1796,503,2.5833
-117.46,34.08,18,3830,750,2767,702,3.6602
-117.46,34.07,19,3155,572,2482,642,2.9973
-117.48,34.08,28,1922,382,1565,340,3.915
-117.48,34.08,17,1834,390,1253,357,3.1028
-117.47,34.07,24,1017,227,568,187,1.5972
-117.42,34.06,27,2532,495,1305,436,2.9107
-117.46,34.06,24,2831,478,1582,435,4.3397
-117.47,34.06,33,1379,273,884,229,2.7574
-117.49,34.05,20,1483,249,660,194,3.9464
-117.5,34.04,5,3958,665,2456,666,5.1647
-117.5,34.04,4,3428,649,2158,632,5.0175
-117.49,34.04,4,6034,1170,3527,1098,4.1775
-117.46,34.04,3,12870,2315,5820,1759,4.2429
-117.38,34.14,11,10804,1493,5221,1482,5.246
-117.4,34.15,4,12156,1864,5020,1524,4.7909
-117.4,34.18,16,1769,254,1778,251,5.3671
-117.38,34.2,16,193,45,312,76,3.7578
-117.45,34.11,7,6356,1244,4052,1164,2.9112
-117.45,34.1,9,4288,1017,3156,900,2.7827
-117.45,34.1,6,5571,1316,4048,1154,2.0308
-117.42,34.11,25,4261,893,2319,702,3.3958
-117.42,34.1,18,3977,809,2231,742,4.1399
-117.43,34.1,34,1345,265,834,290,3.7011
-117.43,34.11,17,4109,884,2544,780,2.7757
-117.43,34.1,43,1898,418,971,366,2.4735
-117.44,34.1,43,1614,400,926,349,2.075
-117.44,34.09,24,3477,831,2541,753,2.3682
-117.44,34.09,12,3598,828,2588,781,2.375
-117.44,34.08,15,5024,992,3208,981,3.6025
-117.42,34.09,28,3193,525,1750,523,4.1375
-117.42,34.08,28,2300,419,1312,444,3.4844
-117.43,34.08,31,3207,560,1582,538,4.263
-117.43,34.09,18,3172,632,1621,573,2.7437
-117.42,34.08,21,4460,930,2657,839,2.7569
-117.43,34.08,13,4563,1187,2475,1019,2.1189
-117.45,34.07,21,3465,639,2292,628,3.3553
-117.43,34.07,18,2453,537,1503,500,2.3768
-117.41,34.11,12,6758,1550,3204,1279,2.5181
-117.41,34.1,5,4937,1139,2204,812,2.5272
-117.4,34.08,21,3622,667,2503,720,3.8531
-117.41,34.08,38,1541,290,861,299,3.5655
-117.41,34.09,21,3300,587,1896,572,3.6466
-117.41,34.1,29,1362,251,776,253,3.1287
-117.41,34.11,29,3999,772,2602,760,3.5481
-117.4,34.11,14,1933,347,1443,376,4.2121
-117.39,34.11,5,2987,457,1821,485,4.8889
-117.39,34.11,16,1140,181,627,206,4.9444
-117.38,34.11,36,1497,264,894,275,3.3066
-117.38,34.11,32,3179,662,1878,661,3.1375
-117.39,34.1,12,7184,1516,4862,1235,2.4492
-117.39,34.1,19,1000,211,572,230,2.4028
-117.39,34.13,9,2228,398,1316,370,4.1632
-117.38,34.13,13,2903,510,1844,510,3.7198
-117.37,34.13,17,2681,470,1621,459,3.875
-117.38,34.13,23,1326,300,722,263,2.1856
-117.37,34.13,12,1893,493,1054,389,2.3456
-117.38,34.12,17,5959,1208,4115,1088,2.4053
-117.39,34.12,7,5059,780,3253,801,4.9196
-117.38,34.09,8,3955,815,2184,725,3.3438
-117.36,34.09,32,3616,631,2131,593,3.2879
-117.37,34.08,17,2029,404,1190,437,2.9554
-117.38,34.08,11,5684,1139,3095,1036,3.6875
-117.38,34.07,6,1156,191,910,234,4.9091
-117.37,34.07,52,50,9,60,16,4.125
-117.36,34.08,4,8866,1832,4775,1554,3.7348
-117.4,34.09,5,6190,993,3615,963,4.4034
-117.39,34.09,10,5736,945,3528,932,4.3958
-117.39,34.07,15,1966,331,1118,323,3.8558
-117.39,34.07,26,1387,277,664,239,3.0278
-117.4,34.07,28,2879,659,1661,554,2.066
-117.37,34.1,44,2087,447,1270,423,2.3889
-117.37,34.1,10,3404,855,1656,675,1.6977
-117.35,34.12,22,5640,889,3157,887,4.1581
-117.36,34.11,35,2969,521,1555,503,3.25
-117.37,34.12,32,3190,568,1614,512,3.8398
-117.37,34.13,18,5877,1043,3114,1002,4.0294
-117.35,34.13,26,3920,570,1862,552,3.7286
-117.36,34.1,29,2819,637,1683,608,2.3205
-117.36,34.1,31,2587,531,1227,489,2.3578
-117.36,34.1,33,1904,343,1366,338,3.6227
-117.38,34.06,17,3139,569,1612,516,3.3571
-117.4,34.06,17,5451,1008,3533,940,3.9191
-117.4,34.04,17,1906,334,1550,338,3.025
-117.39,34.04,27,2919,549,1841,564,2.8682
-117.35,34.04,14,2991,522,1729,537,3.5139
-117.35,34.17,28,1905,372,1480,341,2.9844
-117.34,34.16,31,1606,354,1049,335,2.1935
-117.33,34.15,28,1473,333,1196,312,1.6993
-117.32,34.14,32,1691,353,1457,329,1.8438
-117.33,34.14,29,1646,391,1296,351,1.9423
-117.34,34.14,37,1834,393,1198,348,2.225
-117.35,34.15,32,2699,552,2086,551,2.2974
-117.35,34.16,36,1717,348,1054,279,2.4444
-117.32,34.13,41,1837,409,1430,344,2.4524
-117.32,34.12,37,2868,574,2055,563,2.3508
-117.32,34.12,39,2210,498,1752,477,1.4066
-117.33,34.12,33,933,219,838,211,1.3417
-117.33,34.13,30,2335,363,1214,311,2.2449
-117.33,34.13,18,3009,740,2317,659,1.6375
-117.34,34.13,29,1494,286,991,280,2.125
-117.34,34.13,29,331,85,341,107,0.7069
-117.32,34.11,38,1462,337,1208,324,2.2604
-117.32,34.11,41,1229,302,994,270,1.4891
-117.33,34.12,38,1703,385,1356,363,2.0391
-117.34,34.12,26,1008,164,568,196,3.3516
-117.34,34.11,29,2912,566,2188,518,3.2656
-117.35,34.11,34,2104,388,1578,365,3.0833
-117.34,34.1,14,11827,2445,6640,2299,2.4878
-117.35,34.09,14,5983,1224,3255,1150,2.5902
-117.35,34.2,5,9269,1605,4916,1519,4.4367
-117.38,34.22,16,774,122,489,136,5.7628
-117.41,34.24,20,1160,181,543,188,5.2072
-117.41,34.23,17,889,131,439,141,6.1426
-117.28,34.17,26,3106,603,1396,576,3.1736
-117.28,34.17,26,3728,888,1765,727,1.7456
-117.29,34.17,35,4174,847,2127,778,3.2232
-117.3,34.18,28,2685,425,1304,420,4.3676
-117.3,34.17,30,2483,573,1172,438,1.875
-117.31,34.17,25,2795,596,1650,569,3.0078
-117.32,34.17,6,5661,1287,2943,1162,3.6362
-117.3,34.18,19,2526,381,1176,381,5.5136
-117.32,34.19,6,1068,182,999,188,4.7222
-117.34,34.18,7,2914,481,1584,499,4.6312
-117.33,34.17,5,4718,1140,2564,1056,2.9877
-117.33,34.17,13,3616,665,2189,620,3.7949
-117.32,34.16,9,711,139,316,152,4.0156
-117.31,34.15,7,5747,1307,2578,1147,3.3281
-117.3,34.15,33,1607,282,608,260,4.3438
-117.3,34.15,38,740,163,332,138,2.4107
-117.3,34.15,40,961,199,509,182,2.06
-117.3,34.14,39,1781,335,841,320,1.9432
-117.31,34.14,44,1487,273,972,281,3.2292
-117.31,34.14,38,2011,448,1190,403,1.8654
-117.31,34.15,34,2037,385,1195,391,3.9231
-117.3,34.15,45,942,166,401,174,3.8594
-117.31,34.13,38,1287,284,1047,269,2.2865
-117.3,34.12,34,1127,275,971,249,2.0583
-117.31,34.12,37,1412,343,1127,351,1.1667
-117.31,34.13,35,1622,393,1296,362,1.9286
-117.31,34.13,36,1076,283,773,224,2.6307
-117.3,34.11,42,525,111,444,120,2.6771
-117.31,34.11,38,1208,321,1225,317,1.4663
-117.31,34.11,52,851,190,731,190,1.9044
-117.31,34.11,41,1105,257,816,197,1.9375
-117.31,34.1,52,1457,415,1238,341,2.0089
-117.3,34.1,44,589,130,504,137,1.775
-117.31,34.1,28,2899,755,2406,655,1.5208
-117.32,34.1,27,2053,461,1737,463,3.1213
-117.32,34.1,42,801,176,711,183,1.8681
-117.3,34.09,40,1051,244,745,243,2.1842
-117.31,34.09,34,1336,345,1009,311,1.608
-117.27,34.16,32,2894,427,1151,446,6.2236
-117.28,34.15,36,1734,280,604,259,3.8292
-117.28,34.15,38,1981,343,796,344,3.8125
-117.29,34.15,42,1811,345,856,352,2.9667
-117.29,34.16,38,2458,488,1135,453,2.875
-117.28,34.16,26,2469,532,1068,501,1.9832
-117.28,34.16,35,2028,456,972,398,2.3778
-117.28,34.15,32,2170,430,815,401,3.1765
-117.28,34.14,40,2364,438,968,416,3.4906
-117.29,34.14,52,1683,266,646,256,4.0481
-117.29,34.15,49,1820,321,757,324,3.2976
-117.28,34.14,40,2190,496,1214,493,2.3947
-117.29,34.14,45,1598,314,771,319,2.5417
-117.29,34.14,48,1717,307,610,267,3.125
-117.29,34.14,39,1989,401,805,341,2.425
-117.3,34.14,37,1454,261,761,248,2.3438
-117.28,34.13,44,2469,568,1363,517,1.8396
-117.28,34.13,29,2077,577,1418,524,1.8281
-117.3,34.13,52,1859,395,968,333,1.2034
-117.29,34.13,52,2424,528,1171,455,1.4815
-117.28,34.12,36,2991,822,2378,751,1.3571
-117.29,34.12,40,2198,612,1517,531,1.0951
-117.29,34.13,44,2337,563,1238,467,1.5156
-117.3,34.13,42,2115,557,1532,494,1.4531
-117.3,34.12,43,1018,261,736,215,2.6
-117.28,34.12,47,2456,611,1653,512,1.3973
-117.29,34.12,47,1648,432,1308,385,1.2069
-117.29,34.12,45,1369,351,1046,274,1.8438
-117.3,34.12,50,1629,437,1581,394,2.2019
-117.29,34.11,48,1498,448,1586,455,1.1687
-117.29,34.11,35,2014,677,1714,612,0.7075
-117.29,34.11,35,2426,715,1920,586,1.5561
-117.28,34.11,39,1573,418,1258,359,1.4896
-117.29,34.1,19,1204,405,844,424,0.7235
-117.29,34.09,24,1451,387,1178,330,1.1806
-117.3,34.1,49,60,11,76,13,2.5625
-117.3,34.07,34,567,143,387,138,1.7981
-117.25,34.16,31,1516,238,596,255,4.3362
-117.25,34.16,37,1709,278,744,274,3.7188
-117.25,34.16,35,2707,481,1595,479,3.9018
-117.25,34.15,30,1770,380,990,348,3.3
-117.26,34.15,33,2271,389,1100,380,3.5978
-117.26,34.16,31,3538,658,1715,663,3.7125
-117.26,34.17,30,1937,351,945,344,3.8906
-117.27,34.17,16,30,3,49,8,4.625
-117.25,34.15,22,7935,1976,4523,1791,2.1465
-117.25,34.14,19,5163,1229,2680,1141,2.2482
-117.27,34.14,36,3795,676,1742,585,4.1
-117.27,34.14,35,1517,257,658,245,4.4435
-117.27,34.15,35,1490,253,705,253,3.3616
-117.25,34.13,33,2898,503,1374,487,3.6856
-117.25,34.13,37,2498,472,1291,487,3
-117.26,34.13,37,2403,550,1234,493,2
-117.26,34.13,39,3521,747,2256,721,2.1375
-117.27,34.12,31,2209,636,1314,562,1.7235
-117.27,34.13,40,1298,254,793,268,3.0721
-117.27,34.13,36,3337,687,2388,589,2.9628
-117.25,34.13,35,861,148,381,138,2.5234
-117.25,34.12,17,3107,752,2160,643,1.8463
-117.25,34.11,32,2910,641,2011,614,2.7473
-117.27,34.12,27,2896,684,1514,668,1.462
-117.27,34.12,52,954,246,943,256,0.8658
-117.25,34.11,30,2173,560,1509,486,1.4079
-117.26,34.11,33,1210,288,850,238,1.2171
-117.27,34.11,44,567,134,565,150,1.8281
-117.27,34.1,9,3904,1042,3688,896,1.8022
-117.33,34.09,29,1960,415,1681,435,2.9292
-117.33,34.08,35,2240,423,1394,396,3.1799
-117.33,34.08,37,2267,405,1175,403,3.75
-117.33,34.07,32,2086,458,1355,412,2.5238
-117.34,34.07,46,1851,425,1100,377,2.0461
-117.34,34.08,35,1380,248,730,264,3.2305
-117.34,34.08,33,4924,1007,3502,953,3.233
-117.32,34.09,38,1585,345,1347,368,2.375
-117.32,34.09,30,1129,251,1034,237,2.3917
-117.32,34.08,41,1359,264,786,244,2.5208
-117.32,34.08,46,1308,276,576,244,3.1875
-117.32,34.07,52,1226,269,693,272,1.9963
-117.32,34.06,52,802,160,564,131,2.1591
-117.33,34.05,26,613,149,431,130,1.3977
-117.33,34.06,42,530,123,390,124,1.0469
-117.33,34.06,48,732,149,486,139,2.5673
-117.33,34.06,36,755,157,625,152,2.0242
-117.32,34.06,46,476,102,476,91,1.4511
-117.31,34.08,43,1697,387,1181,352,1.9234
-117.31,34.08,40,2011,495,1528,469,1.9375
-117.31,34.07,40,2936,732,2024,676,2.1139
-117.32,34.07,26,971,245,592,207,2.1125
-117.31,34.08,37,953,231,611,230,1.9926
-117.31,34.05,6,7423,2111,4092,1789,2.7002
-117.33,34.04,18,1837,388,727,336,2.5187
-117.33,34.03,14,1582,347,825,259,2.8281
-117.31,34.04,29,2481,383,1188,385,4.7344
-117.31,34.04,5,2785,577,1310,536,3.39
-117.3,34.05,7,4672,1121,2534,1046,3.4228
-117.29,34.06,7,1971,403,1336,423,4.5066
-117.28,34.06,2,1658,290,868,304,5.1365
-117.32,34.02,17,1779,292,1006,293,4.6708
-117.33,34.03,18,2342,402,1264,382,4.7986
-117.32,34.03,13,3853,761,1685,669,3.9024
-117.31,34.03,24,1966,299,786,302,5.0318
-117.31,34.03,9,1199,187,629,207,5.7393
-117.31,34.02,18,1634,274,899,285,5.2139
-117.29,34.03,9,8185,1525,3630,1466,4.1667
-117.27,34.09,36,848,186,737,169,0.9838
-117.27,34.08,38,1093,256,856,212,1.4279
-117.25,34.08,30,2981,605,1784,573,2.45
-117.25,34.07,21,3067,706,2140,687,2.4432
-117.27,34.07,21,418,132,401,120,1.7206
-117.24,34.04,17,3362,507,1520,496,6.1986
-117.25,34.04,18,5761,1063,2763,1058,4.4472
-117.27,34.05,34,1703,395,849,359,3.1607
-117.27,34.06,20,5258,1514,3780,1404,2.025
-117.25,34.06,23,4503,1156,3264,937,1.9821
-117.25,34.06,18,5009,1108,2948,963,3.0042
-117.24,34.04,5,1775,234,726,222,7.978
-117.24,34.04,4,4289,682,1981,705,5.3366
-117.24,34.06,9,3603,786,1782,718,3.2604
-117.23,34.15,17,5036,817,2084,833,4.6445
-117.23,34.14,16,2577,521,956,472,2.5625
-117.24,34.14,6,2383,606,1301,488,3.016
-117.24,34.15,23,3847,608,1621,630,4.6111
-117.24,34.15,26,2041,293,936,375,6
-117.21,34.14,16,1613,245,811,267,5.2591
-117.22,34.15,9,2524,352,1139,362,6.2516
-117.2,34.15,18,1859,251,747,256,7.732
-117.2,34.14,14,2647,524,989,479,3.1513
-117.2,34.14,18,1920,333,890,323,5.159
-117.24,34.13,24,1203,310,594,187,1.1522
-117.24,34.13,26,3774,716,1913,620,3.3534
-117.23,34.12,6,4464,1093,2364,952,2.3848
-117.23,34.13,10,1145,293,726,251,1.645
-117.22,34.13,10,5951,1330,3204,1159,2.7011
-117.2,34.13,14,3998,711,1509,665,3.4138
-117.22,34.12,34,2457,499,1538,507,2.809
-117.21,34.13,31,3037,565,1834,575,3.3445
-117.2,34.12,24,3532,618,1681,590,3.5
-117.24,34.12,29,2654,667,1822,593,2.1563
-117.24,34.11,23,1920,454,1161,358,2.2109
-117.23,34.11,22,1162,221,995,244,2.5875
-117.23,34.12,18,1439,319,699,310,2.1071
-117.23,34.11,33,2170,500,1425,472,2.0133
-117.22,34.12,30,2512,597,1390,523,2.3725
-117.21,34.12,32,1677,354,1021,339,3.6853
-117.21,34.11,27,1245,229,692,234,3.2176
-117.21,34.11,26,1757,304,905,281,3.4103
-117.19,34.1,5,2167,384,1174,358,4.0114
-117.21,34.08,5,5749,1385,2382,1088,3.0587
-117.22,34.07,8,3065,692,1440,666,3.2368
-117.17,34.12,2,3867,573,1275,433,5.4138
-117.12,34.1,40,96,14,46,14,3.2708
-117.17,34.12,3,15695,2248,6080,1920,6.2178
-117.18,34.08,28,2243,399,1464,379,3.2105
-117.19,34.08,22,2467,555,1567,494,2.6536
-117.19,34.08,5,4458,751,2392,773,4.5938
-117.18,34.07,14,1258,245,752,264,3.3924
-117.18,34.07,28,1306,279,885,255,2.1154
-117.18,34.07,7,1347,301,799,276,2.9485
-117.18,34.06,26,1953,446,1284,414,1.3485
-117.18,34.06,28,699,180,432,168,2.1875
-117.19,34.06,37,1467,348,1316,339,1.448
-117.19,34.07,40,2374,500,1772,455,2.189
-117.18,34.06,52,954,233,533,239,1.3021
-117.19,34.06,21,6107,1559,2805,1444,2.5643
-117.18,34.05,29,3436,731,1323,676,2.4943
-117.17,34.05,29,4007,700,1576,696,3.1801
-117.18,34.04,41,1766,288,753,278,4.9125
-117.18,34.05,52,1820,342,601,315,2.6129
-117.19,34.05,52,1949,432,767,392,2.5143
-117.19,34.05,33,1688,313,808,298,3.2188
-117.19,34.05,33,3007,498,1252,488,3.8816
-117.2,34.04,24,1587,222,676,234,6.0715
-117.2,34.04,23,1762,267,1132,279,5.9915
-117.21,34.04,14,3063,426,1570,419,6.2917
-117.21,34.05,4,2904,764,1250,664,3.2131
-117.18,34.04,38,2492,381,1003,369,3.6875
-117.19,34.03,36,2223,361,942,331,4.6806
-117.19,34.03,25,2513,340,900,320,6.4962
-117.19,34.03,20,856,124,395,145,10.8634
-117.16,34.08,9,5306,993,2630,925,4.51
-117.17,34.07,24,6573,1235,2904,1202,3.0651
-117.17,34.08,5,1473,228,842,257,4.875
-117.15,34.07,15,1852,316,906,298,5.3526
-117.14,34.07,3,5542,828,2506,806,5.5875
-117.14,34.06,15,3057,510,1154,460,3.9741
-117.15,34.06,25,3670,644,1815,634,4.0658
-117.14,34.05,5,2634,359,1173,372,6.746
-117.15,34.05,9,1442,219,633,230,5.0227
-117.16,34.05,23,3215,462,1411,435,6.0701
-117.17,34.05,24,2877,507,1141,474,4.2059
-117.15,34.04,14,2845,420,1172,377,7.5822
-117.16,34.06,33,2101,468,1997,412,2.8125
-117.16,34.06,17,2285,554,1412,541,1.8152
-117.14,34.01,26,7561,1051,2909,1012,7.2972
-117.15,34.03,32,2832,393,1033,385,6.5648
-117.15,34.03,26,5305,701,1818,676,6.1461
-117.17,34.03,33,4583,648,1760,638,6.3308
-117.09,34.01,37,106,18,27,12,4.0556
-117.09,34.07,24,6260,1271,3132,1189,2.5156
-117.12,34.06,38,281,55,151,52,1.3906
-117.13,34.06,4,3078,510,1341,486,4.9688
-117.13,34.07,34,2405,541,1342,514,2.8031
-117.08,34.08,34,45,11,39,14,3.0625
-117.12,34.04,25,2495,438,1071,405,4.8173
-117.07,34.05,14,5764,1006,1876,841,1.9694
-117.03,34.07,16,3784,577,1615,525,4.2333
-117.02,34.03,19,4415,648,1627,619,4.2361
-117.03,34.02,26,3909,670,1884,665,4.1361
-117.01,34.01,15,5592,891,2419,840,4.7193
-116.98,34.05,6,2290,312,957,274,7.2708
-117.05,34.04,23,3967,766,1518,698,2.29
-117.1,34.03,24,4144,826,2127,772,2.5172
-117.08,34.03,23,3862,699,2082,652,3.154
-117.08,34.02,20,3111,563,1453,538,3.3365
-117.06,34.02,24,3912,809,1926,762,2.6875
-117.05,34.02,21,3098,646,1351,614,2.598
-117.05,34.01,27,5484,1205,2645,1131,2.1927
-117.04,34.02,24,4663,1213,1851,1116,1.4418
-117.05,34.03,28,3009,698,1200,626,1.3993
-117.06,34.03,27,1945,446,859,418,1.5203
-117.03,34.03,26,3501,664,1860,681,3.0403
-117.04,34.03,29,3375,795,1760,699,2.7028
-117.04,34.04,30,3474,735,1674,691,2.5863
-117.29,35.54,35,7922,1636,3431,1329,3.4145
-117.37,34.59,39,8193,1747,6852,1597,2.3832
-117.62,34.44,6,8884,1687,3767,1334,3.599
-117.56,34.42,6,4264,749,2005,666,3.4695
-117.51,34.41,5,2884,567,1396,465,3.7361
-117.44,34.45,6,6068,1137,3094,947,3.5167
-117.54,34.47,4,6712,1200,3126,1026,3.2277
-117.5,34.66,20,1319,309,486,196,2.0184
-117.42,34.59,8,5445,1360,3220,1214,1.7567
-117.41,34.58,14,859,212,541,181,1.6838
-117.4,34.58,18,755,169,483,165,1.4196
-117.41,34.58,10,2964,668,1853,609,1.6047
-117.54,34.55,5,2949,671,1620,530,2.9479
-117.36,34.54,7,3940,764,2140,711,3.0357
-117.63,34.37,20,7052,1306,2197,810,3.7252
-117.61,34.34,18,5210,912,1301,464,4.8623
-117.53,34.28,35,1529,338,688,256,4.1083
-117.55,34.25,39,1578,317,872,322,4.555
-117.03,34.91,27,2718,583,1472,509,2.825
-117.01,34.9,36,2181,555,1404,492,2.3077
-117.02,34.9,37,1199,351,782,296,1.6515
-117.06,34.9,36,2828,916,1762,736,1.4318
-117.01,34.9,34,2194,519,1326,515,2.1056
-117,34.89,29,2637,512,1188,446,2.99
-117.01,34.89,26,2599,498,1332,443,2.7198
-117.02,34.89,29,3111,661,1530,608,2.8281
-117.04,34.89,37,1884,366,1052,353,3.175
-117.05,34.89,36,1199,260,665,229,3.7065
-117.22,34.44,5,4787,910,1944,806,2.6576
-117.2,34.46,7,8414,1584,5146,1517,3.2794
-117.12,34.46,17,1613,326,765,300,2.6827
-117.11,34.43,14,3026,556,1349,485,2.8021
-117.13,34.39,29,2251,464,855,315,3.4183
-117.25,34.49,4,2372,361,1017,322,5.1112
-117.23,34.49,9,4055,536,1458,478,5.4201
-117.21,34.49,14,2125,348,1067,360,3.6333
-117.2,34.5,10,4201,850,2378,808,2.1781
-117.17,34.49,13,4460,925,2225,840,2.0136
-117.15,34.48,31,265,55,186,55,2.125
-117.18,34.48,8,3561,691,2156,659,2.7778
-117.2,34.48,7,4998,953,2764,891,3.205
-117.22,34.48,7,2449,447,1217,408,3.6646
-117.26,34.53,10,3103,520,1283,464,3.071
-117.25,34.51,7,3200,477,1522,470,4.6914
-117.23,34.51,9,5756,807,2158,758,5.5875
-117.21,34.51,17,4379,629,1720,595,5.086
-117.25,34.53,13,5841,955,2455,915,4.1333
-117.22,34.54,8,12526,2495,6133,2324,2.9072
-117.2,34.52,12,4476,761,2255,735,3.925
-117.17,34.51,15,5151,942,2896,897,3.4875
-117.18,34.54,5,3772,619,2097,635,3.8194
-117.3,34.53,38,1643,489,1196,406,1.2275
-117.3,34.54,31,1174,360,1161,328,1.06
-117.3,34.54,25,2546,488,1338,487,3.2596
-117.31,34.53,26,2299,496,1259,441,2.6125
-117.32,34.55,18,279,59,188,60,0.8246
-117.32,34.54,9,5904,1165,3489,1063,3.125
-117.33,34.53,10,3781,712,2044,685,3.0943
-117.34,34.51,6,5667,1385,2447,1199,2.3617
-117.35,34.5,10,2163,392,1174,362,3.375
-117.34,34.49,9,3293,585,1678,530,3.2941
-117.36,34.48,3,16533,2549,7588,2285,3.9792
-117.3,34.52,34,4493,838,2335,779,3.1635
-117.32,34.51,16,3072,612,1283,604,2.8929
-117.31,34.51,18,2704,698,1611,597,2.0243
-117.28,34.51,10,4676,884,2845,812,3.0181
-117.31,34.5,14,2443,447,883,465,2.1111
-117.32,34.49,7,4584,1051,2049,918,1.6232
-117.29,34.49,3,7689,1545,3804,1399,3.3871
-117.32,34.48,8,4627,887,2739,846,3.0204
-117.27,34.5,7,2045,342,878,292,6.0296
-117.27,34.49,7,2344,351,846,314,4.7361
-117.27,34.48,8,1794,276,690,271,3.662
-117.26,34.48,6,4632,753,1851,694,4.1933
-117.27,34.5,8,3567,543,1133,419,5.3733
-117.25,34.41,13,3682,668,1606,668,2.1875
-117.28,34.41,14,2105,396,960,396,2.9934
-117.29,34.41,11,5934,1380,2756,1239,1.5758
-117.3,34.39,11,3572,592,1876,507,3.6615
-117.27,34.4,8,6042,979,3031,991,3.3438
-117.27,34.39,6,6988,1121,3660,1092,4.2224
-117.31,34.35,9,2404,390,1074,359,5.0198
-117.31,34.41,14,3019,643,1639,582,1.5288
-117.32,34.41,13,2032,348,1038,344,4.2891
-117.33,34.41,13,3684,604,1767,585,3.7478
-117.34,34.39,8,3579,672,2216,630,3.4038
-117.31,34.39,15,1703,273,847,266,3.7917
-117.39,34.38,4,7151,1295,3527,1170,3.5696
-117.3,34.46,8,6246,1273,3883,1264,2.7917
-117.31,34.44,10,1731,299,1056,312,3.6007
-117.31,34.43,16,5130,1172,3126,1046,1.6784
-117.35,34.44,9,11810,2181,6716,2081,3.1821
-117.38,34.44,4,5083,867,2541,856,4.2414
-117.34,34.46,9,5983,1122,3515,1064,3.1505
-117.27,34.42,9,5643,1005,3166,957,3.2077
-117.26,34.43,11,4597,782,2534,776,3.3368
-117.27,34.45,8,6463,1095,3213,1031,3.2215
-116.72,34.89,14,4527,875,1640,590,2.8594
-115.93,35.55,18,1321,272,754,226,3.4028
-115.75,35.23,5,208,78,132,56,2.5333
-115.53,34.91,12,807,199,246,102,2.5391
-116.51,34.85,15,3149,713,1281,486,2
-116.57,35.43,8,9975,1743,6835,1439,2.7138
-116.14,34.45,12,8796,1721,11139,1680,2.2612
-116.32,34.1,10,4256,861,1403,686,2.6618
-116.27,34.13,37,452,109,184,59,3.7292
-116.31,34.13,20,2352,556,1217,481,1.6063
-116.35,34.13,9,1969,406,805,349,1.5491
-116.32,34.14,18,1880,487,994,425,1.69
-116.33,34.15,13,1808,411,735,320,1.5489
-116.29,34.18,15,4203,966,1756,695,2.182
-116.62,34.23,14,6438,1719,1586,691,1.6136
-116.73,34.52,16,1247,315,433,159,1.0568
-116.51,34.45,21,8502,2634,2330,991,1.3811
-116.56,34.06,15,6928,1529,2568,1075,2.5405
-116.44,34.16,19,1867,361,758,321,2.8929
-116.38,34.2,14,4985,1238,2517,954,2.0674
-116.39,34.15,15,5583,1149,2709,964,1.9779
-116.44,34.12,18,5584,1303,2250,1158,1.5823
-116.47,34.07,22,5473,1234,2581,1098,1.9375
-116.43,34.1,17,6683,1296,2677,1227,2.4828
-116.4,34.09,9,4855,872,2098,765,3.2723
-116.4,34.12,16,5648,1089,2524,1008,2.6739
-116.38,34.1,6,2104,348,841,320,4.1458
-116.22,34.21,23,1175,468,355,151,2.2083
-116.14,34.22,32,3298,1228,763,360,1.875
-116.06,34.2,29,1202,290,383,156,1.3371
-116.06,34.15,15,10377,2331,4507,1807,2.2466
-116.09,34.15,13,9444,1997,4166,1482,2.6111
-116.15,34.14,18,3312,705,1251,512,3.0139
-116.05,34.12,19,301,65,150,56,3.125
-116.02,34.18,8,569,97,312,96,4.3021
-115.85,34.2,34,3868,1257,890,423,1.3571
-115.52,34.22,30,540,136,122,63,1.3333
-116,34.12,32,3163,712,1358,544,2.125
-114.94,34.55,20,350,95,119,58,1.625
-114.47,34.4,19,7650,1901,1129,463,1.82
-114.31,34.19,15,5612,1283,1015,472,1.4936
-114.65,34.89,17,2556,587,1005,401,1.6991
-114.6,34.83,46,1497,309,787,271,2.1908
-114.61,34.84,48,1291,248,580,211,2.1571
-114.61,34.83,31,2478,464,1346,479,3.212
-114.64,34.83,10,2502,573,1152,481,1.7062
-117.36,34.28,18,3903,715,1388,428,4.2386
-117.32,34.24,29,1290,263,323,113,1.9265
-117.3,34.24,38,4116,949,1196,422,3.5625
-117.28,34.24,16,3474,633,853,315,5.2185
-117.27,34.24,34,3687,756,941,367,2.875
-117.26,34.24,10,4750,844,1220,428,4.5536
-117.27,34.23,26,6339,1244,1177,466,3.7708
-117.16,34.26,27,9285,1621,1135,410,2.5446
-117.18,34.3,33,399,87,71,27,1.875
-117.17,34.28,13,4867,718,780,250,7.1997
-117.19,34.27,16,7961,1147,879,280,5.2146
-117.21,34.28,16,3326,569,527,192,5.7421
-117.2,34.26,17,9419,1455,1382,459,6.2233
-117.22,34.26,16,8020,1432,1749,540,4.9716
-117.2,34.24,22,8106,1665,1062,423,3.0434
-117.17,34.25,15,4236,753,703,255,3.5625
-117.21,34.22,31,5454,1053,1408,504,5
-117.07,34.24,21,4773,1047,337,130,3.9375
-117.13,34.24,17,2828,506,673,274,5.2563
-117.15,34.22,10,1039,174,317,109,7.2371
-117.12,34.21,19,4641,994,1334,474,4.5972
-117.1,34.21,22,4397,931,1145,445,4.5268
-117.09,34.22,16,1347,327,271,91,4
-117.06,34.17,21,2520,582,416,151,2.712
-117.13,34.17,17,1181,271,248,114,5.5762
-116.94,34.24,27,12342,2630,1300,566,1.998
-116.91,34.24,23,6379,1636,1350,568,1.6336
-116.9,34.25,16,3018,523,556,244,3.5288
-116.88,34.24,13,4137,796,573,218,4.6394
-116.88,34.25,11,1089,198,230,90,4.9643
-116.87,34.24,15,4419,822,622,267,3.9688
-116.86,34.24,19,5411,1042,441,185,3.1324
-116.86,34.23,13,4760,938,309,132,5.4618
-116.99,34.3,29,5055,1036,410,191,3.5104
-116.89,34.27,13,3661,770,567,228,4.4063
-116.86,34.31,19,1649,328,382,151,4.0556
-116.85,34.26,18,6988,1635,2044,726,2.4308
-116.85,34.26,19,5395,1220,981,366,2.6094
-116.85,34.25,5,5806,1030,569,219,4.0132
-116.83,34.25,15,8948,1985,1316,514,2.7375
-116.82,34.24,11,5799,1527,713,262,2.5147
-116.76,34.29,14,3959,849,1064,376,2.8214
-116.76,34.23,10,4374,989,1020,376,2.6071
-116.98,34.13,16,2098,449,342,143,4.0333
-116.98,34.07,21,739,125,199,82,4.8958
-116.88,34.08,52,3419,777,710,265,3.9028
-116.76,34.14,4,42,10,9,3,0.536
-116.88,34.19,38,898,259,106,52,1.6875
-117.46,34.85,7,9759,1816,2933,1168,3.4912
-117.28,35.13,32,671,166,856,114,2.6477
-116.85,34.98,26,3606,792,1683,608,2.6587
-117.14,34.75,33,552,120,347,97,1.8158
-117.28,34.68,28,1932,421,1156,404,1.8958
-117.06,34.87,14,3348,619,1756,557,3.5987
-117.13,34.88,21,3254,669,1548,545,2.3373
-117.15,34.83,30,5370,1062,2778,944,3.099
-117.19,34.94,31,2034,444,1097,367,2.1522
-117.16,34.9,16,1579,327,934,298,2.7305
-117.08,34.96,28,1777,307,721,259,3.6343
-116.96,34.94,20,2355,467,1198,428,3.9934
-116.99,34.89,24,2741,577,1551,522,3.474
-116.99,34.88,23,6060,1165,2920,1072,3.1528
-117,34.87,16,6862,1292,3562,1126,3.6091
-117.02,34.88,18,2127,443,1168,401,3.0313
-117.03,34.87,7,2245,407,1016,364,3.9464
-116.96,34.83,30,1211,289,611,230,1.6667
-116.9,34.69,10,337,102,108,50,0.4999
-117.24,34.59,4,5027,797,1869,686,3.5507
-117.29,34.57,22,1054,239,428,239,1.2548
-117.1,34.57,6,5110,1044,1938,724,3.1917
-116.9,34.52,20,3481,840,1694,587,1.4
-116.94,34.4,20,6541,1401,2631,980,2.1339
-117.18,32.76,52,2023,301,649,285,4.7396
-117.18,32.75,52,1539,212,535,224,5.392
-117.18,32.75,52,1504,208,518,196,8.603
-117.19,32.75,52,1495,230,459,190,8.1548
-117.19,32.75,52,1388,213,513,211,6.1309
-117.19,32.76,52,1294,175,434,180,5.7914
-117.17,32.76,45,3149,639,1160,661,2.7266
-117.17,32.75,38,5430,1176,2357,1100,3.654
-117.18,32.74,39,3132,738,1200,690,2.5288
-117.18,32.75,36,2282,534,918,531,2.7222
-117.16,32.75,23,2474,594,1107,536,2.9705
-117.16,32.75,49,1566,494,643,419,1.9637
-117.16,32.74,52,852,262,389,249,2.6042
-117.16,32.74,21,1882,486,903,482,3.06
-117.16,32.74,27,2335,604,982,590,3.1921
-117.17,32.75,28,1514,384,540,352,2.1532
-117.16,32.75,19,5430,1593,2496,1484,2.9112
-117.16,32.75,34,1785,558,804,490,2.2687
-117.15,32.76,43,2361,489,824,470,3.4196
-117.15,32.76,36,2644,674,1211,654,3.0445
-117.15,32.76,40,1809,474,826,456,2.6518
-117.15,32.76,37,1921,502,811,472,2.75
-117.15,32.75,40,2261,579,903,525,2.465
-117.15,32.75,9,2818,821,851,555,2.6181
-117.15,32.75,27,3166,867,1332,817,2.6742
-117.15,32.74,43,2383,607,962,587,2.2578
-117.15,32.74,26,3149,832,1320,808,3.0259
-117.14,32.75,35,1391,329,726,317,2.6818
-117.14,32.74,47,1494,327,689,304,3.125
-117.14,32.74,16,6075,1816,2592,1634,2.5553
-117.14,32.75,29,1961,565,1002,569,2.2813
-117.14,32.75,25,1908,513,956,467,2.4828
-117.14,32.75,37,1832,525,955,488,2.7852
-117.14,32.75,19,1358,613,766,630,1.0353
-117.14,32.75,20,1182,379,678,326,2.1937
-117.14,32.75,27,1551,464,880,400,2.4167
-117.14,32.76,28,3025,756,1328,695,2.694
-117.14,32.76,35,2539,661,1308,629,2.6777
-117.14,32.76,32,2587,681,1246,650,2.1727
-117.14,32.76,35,1785,493,965,506,2.0792
-117.13,32.77,30,2582,650,1098,603,2.8281
-117.13,32.76,29,2568,682,1191,642,2.1094
-117.13,32.76,41,1545,420,747,415,2.375
-117.13,32.76,27,2280,695,1235,664,1.9392
-117.13,32.76,33,1591,461,794,425,2.6333
-117.13,32.76,22,2623,732,1283,718,2.1563
-117.14,32.76,24,3523,991,1775,873,2.1273
-117.13,32.75,24,1877,519,898,483,2.2264
-117.13,32.75,28,2279,671,1166,623,1.95
-117.13,32.75,23,3999,1182,2051,1130,2.1292
-117.13,32.75,31,2336,656,1186,609,2.5872
-117.13,32.75,50,1476,354,698,354,3
-117.13,32.74,52,1512,321,651,321,3.6852
-117.13,32.75,37,4142,1031,1936,968,2.693
-117.12,32.75,37,2344,546,1134,513,2.4394
-117.12,32.74,46,1898,441,978,439,3.2708
-117.12,32.74,52,1969,389,877,424,3.79
-117.13,32.75,20,2271,602,992,520,2.2599
-117.12,32.75,15,2671,724,1800,646,2.1394
-117.12,32.75,17,2060,633,1251,602,1.9886
-117.12,32.75,20,1406,413,850,412,2.3261
-117.12,32.75,25,2222,634,1025,568,1.64
-117.12,32.76,23,2681,717,1279,648,2.1597
-117.12,32.76,33,2279,591,1250,576,2.4297
-117.12,32.76,43,2336,644,1203,614,2.3594
-117.12,32.76,26,1221,331,620,296,2.4821
-117.11,32.76,29,2030,545,1014,518,2.2409
-117.12,32.76,28,2160,608,1339,571,1.9152
-117.12,32.76,27,1426,364,792,353,2.0673
-117.12,32.76,28,1605,501,936,460,2.5991
-117.12,32.76,17,1559,462,821,428,2.0139
-117.12,32.76,41,1469,421,803,395,2.1856
-117.11,32.77,48,1502,272,590,265,2.5952
-117.11,32.77,50,1729,355,617,337,3.6705
-117.12,32.77,48,2012,422,893,394,2.7928
-117.12,32.77,43,2167,464,977,461,3.125
-117.11,32.77,52,1484,224,498,223,6.6053
-117.11,32.77,52,1506,233,478,240,4.3875
-117.1,32.77,49,4449,711,1606,709,5.7768
-117.1,32.76,52,2606,426,883,380,4.2813
-117.09,32.77,38,2065,374,812,343,3.125
-117.09,32.76,44,1139,214,470,217,3.5481
-117.09,32.76,43,3889,711,1466,663,3.5529
-117.11,32.76,31,2293,549,1108,557,3.3854
-117.1,32.76,30,1835,474,934,415,2.875
-117.11,32.76,28,1457,397,672,342,1.9799
-117.11,32.76,21,2226,600,1085,533,2.2604
-117.11,32.76,19,2188,616,1304,607,2.0852
-117.1,32.75,17,871,379,955,351,1.4375
-117.1,32.75,11,2393,726,1905,711,1.3448
-117.11,32.75,11,1607,478,1384,450,2.05
-117.11,32.75,21,2127,658,1812,603,1.6896
-117.11,32.75,18,1943,587,1329,522,1.7696
-117.09,32.76,29,1650,496,882,445,2.2287
-117.09,32.76,31,1235,387,816,397,1.5517
-117.1,32.76,31,987,267,619,250,2.9286
-117.1,32.75,16,2426,799,1505,754,1.6444
-117.1,32.75,21,2063,609,1686,558,1.4828
-117.1,32.75,20,2355,722,1848,576,2.0036
-117.1,32.75,15,2422,774,2120,715,1.0617
-117.1,32.75,23,1858,551,1506,492,1.7446
-117.11,32.75,46,695,182,601,195,2.4219
-117.11,32.75,20,1667,469,1292,445,2.0893
-117.11,32.75,34,2131,594,1373,562,2.113
-117.12,32.75,13,2795,773,1869,690,2.1767
-117.1,32.74,14,2361,601,1831,526,1.6102
-117.11,32.74,25,2846,644,2272,632,2.2
-117.11,32.74,25,684,190,665,187,2.4524
-117.11,32.74,33,1126,267,621,241,3.2422
-117.11,32.73,35,1689,397,1135,366,2.3269
-117.1,32.73,24,2927,704,2005,668,2.2375
-117.11,32.73,34,1096,221,574,223,3.8355
-117.11,32.73,27,3160,627,1628,612,3.8864
-117.09,32.75,30,1899,546,1620,493,1.6034
-117.09,32.74,23,3130,779,2472,744,2.32
-117.1,32.74,20,3854,1046,3555,966,1.6747
-117.1,32.74,30,1772,500,1389,447,2.3641
-117.1,32.75,11,1976,548,1528,512,1.4886
-117.08,32.75,20,1886,586,1134,525,1.5029
-117.08,32.75,16,1111,328,930,303,1.2347
-117.08,32.75,15,1821,516,1385,439,2.5101
-117.09,32.75,24,1245,376,1230,362,1.875
-117.09,32.75,28,1220,391,1286,396,1.2286
-117.09,32.75,20,1701,503,1482,465,1.6789
-117.09,32.76,10,1922,577,1595,545,1.5208
-117.08,32.76,18,1704,596,1639,548,1.7391
-117.07,32.76,14,2523,545,1297,525,2.3886
-117.07,32.75,37,2690,549,1219,524,2.3148
-117.07,32.75,14,3073,851,2000,782,2.3824
-117.07,32.75,9,3464,749,1687,645,3.3026
-117.06,32.75,34,1917,419,1181,426,3.0208
-117.05,32.74,34,2178,455,1193,446,3.1719
-117.07,32.74,37,1042,205,589,208,2.6629
-117.07,32.75,31,2036,501,1263,442,2.5583
-117.08,32.75,20,1989,508,1452,462,2.0077
-117.08,32.74,26,2359,622,2067,581,1.8103
-117.09,32.75,19,2739,707,2004,622,1.6318
-117.09,32.74,42,1986,472,1472,475,2.1757
-117.08,32.74,33,3260,673,1784,666,3.5078
-117.08,32.73,36,3331,643,1903,622,3.6974
-117.07,32.74,38,1901,392,1099,406,2.7661
-117.08,32.74,35,1434,253,753,228,2.3812
-117.08,32.73,36,1158,218,619,233,3.6125
-117.08,32.73,19,2935,763,1953,720,1.4254
-117.07,32.73,18,2968,656,1149,581,2.6452
-117.07,32.78,22,922,240,1524,235,1.6815
-117.08,32.77,31,1070,155,426,153,6.1628
-117.07,32.77,34,2245,394,1849,429,3.5446
-117.07,32.77,38,3779,614,1495,614,4.3529
-117.07,32.76,42,1827,378,880,380,2.5125
-117.08,32.77,25,3911,849,1580,767,2.7778
-117.08,32.76,27,1221,254,606,259,3.0833
-117.09,32.76,31,2567,624,1255,582,2.5909
-117.08,32.76,20,2547,785,1199,643,1.7743
-117.04,32.77,21,1824,447,962,431,2.7826
-117.05,32.77,23,2556,662,1200,548,1.8899
-117.06,32.77,18,2269,682,1329,581,1.7951
-117.06,32.77,34,1730,373,730,350,2.0284
-117.07,32.77,38,1130,228,699,241,2.65
-117.06,32.77,32,3888,827,3868,841,3.0755
-117.05,32.77,33,3535,683,1568,672,2.8097
-117.06,32.76,36,2785,577,1275,527,2.3015
-117.06,32.76,38,1549,288,636,278,3.2188
-117.05,32.76,46,1887,359,795,358,3.25
-117.06,32.76,37,2356,476,1231,499,2.965
-117.06,32.76,24,1629,587,1012,488,1.7452
-117.06,32.75,34,2516,611,1317,594,2.2308
-117.05,32.75,35,2144,388,1003,383,3.0938
-117.07,32.72,18,1758,286,987,277,4.6875
-117.08,32.72,32,2286,468,1741,467,3.0446
-117.07,32.71,36,2448,475,1268,450,2.5682
-117.06,32.73,33,3444,619,1884,582,3.7891
-117.06,32.72,31,2669,514,1626,499,3.1923
-117.05,32.72,35,1777,369,1158,353,3.4107
-117.06,32.71,25,2681,596,1947,553,2.8964
-117.07,32.71,39,2754,652,2263,619,2.2454
-117.08,32.7,35,1477,264,852,279,3.1786
-117.08,32.7,37,2176,418,1301,375,2.875
-117.08,32.7,36,2103,390,1279,392,2.4135
-117.06,32.71,21,1864,388,1498,389,3.8194
-117.06,32.71,11,2397,523,1566,514,3.8687
-117.08,32.71,27,2204,598,1656,521,1.4821
-117.07,32.71,26,4151,823,2822,697,2.8372
-117.07,32.7,14,2763,456,1914,465,4.1645
-117.07,32.69,20,2192,406,1766,393,4.0921
-117.06,32.7,12,3943,737,3280,751,4.112
-117.04,32.71,28,5274,991,3727,961,3.57
-117.05,32.71,25,3292,608,2266,592,3.2986
-117.03,32.71,33,3126,627,2300,623,3.2596
-117.03,32.71,34,2328,444,1684,429,3.25
-117.02,32.71,20,4050,745,2870,761,3.7366
-117.02,32.7,22,2756,516,1849,486,4.1837
-117.02,32.7,18,1643,283,1134,269,5.1769
-117.02,32.71,30,3187,592,2082,631,3.5388
-117.01,32.7,25,2321,398,1434,386,3.5341
-117.05,32.69,8,831,158,740,154,5.3908
-117.06,32.69,9,1520,269,1250,265,4.8875
-117.06,32.69,13,705,149,718,155,4.4375
-117.06,32.69,9,521,111,491,110,5.1305
-117.03,32.7,19,2304,572,2010,556,2.2866
-117.04,32.69,27,1790,356,1286,347,3.5437
-117.04,32.7,7,9311,1703,7302,1694,4.419
-117.07,32.68,18,1475,267,1149,268,5.0827
-117.06,32.68,38,1481,317,1080,291,2.85
-117.06,32.68,36,3815,796,2945,728,2.0959
-117.05,32.69,21,991,210,695,203,3.625
-117.06,32.68,41,2665,515,1664,512,2.375
-117.06,32.67,29,4047,754,2353,730,4.0505
-117.05,32.68,35,3414,580,1761,522,3.9922
-117.05,32.67,32,4227,785,2842,795,3.9646
-117.05,32.68,19,1469,275,1010,292,3.5664
-117.05,32.67,16,2168,343,1589,338,5.4863
-117.06,32.66,33,3425,511,1528,479,5.6889
-117.06,32.66,24,2587,491,1617,458,3.5066
-117.04,32.66,22,3362,630,1471,612,4.1442
-117.03,32.67,15,5094,818,2118,758,5.3505
-117.02,32.68,14,3986,675,2065,702,5.7192
-117.05,32.69,14,1689,555,1319,527,3.16
-117.05,32.68,15,1828,359,955,248,3.2174
-117.04,32.68,13,2132,425,1345,432,4
-117.04,32.68,14,1320,270,943,260,5.0947
-117.04,32.67,14,3464,683,2139,734,4.0668
-117.04,32.69,9,3417,860,2521,828,3.02
-117.04,32.68,9,3087,609,1530,556,3.775
-117.04,32.68,11,1875,357,1014,386,4.375
-117.01,32.7,7,2327,490,1304,445,3.3553
-117.02,32.69,7,6055,1004,3031,952,4.436
-117.03,32.69,5,3201,532,2061,536,5.0829
-117.03,32.69,10,901,163,698,167,4.6648
-117.03,32.69,8,2460,397,1784,390,4.5662
-117.09,32.71,12,3375,945,2357,808,1.5
-117.09,32.7,15,869,217,887,216,1.4583
-117.09,32.7,22,2409,582,1887,578,1.4089
-117.09,32.69,18,1645,430,1221,410,1.3269
-117.09,32.69,20,1102,205,852,217,3.1833
-117.1,32.69,11,3071,911,2812,774,1.2413
-117.1,32.7,28,633,137,525,170,3.6042
-117.1,32.7,42,2002,488,1505,464,1.5057
-117.1,32.71,9,1931,472,1628,445,2.085
-117.09,32.73,26,3114,686,1948,660,2.8942
-117.1,32.72,5,1615,387,1094,394,2.2024
-117.09,32.72,39,1273,246,770,242,2.0938
-117.09,32.72,33,1096,240,716,224,1.6944
-117.09,32.73,28,3109,594,1559,589,3.5789
-117.09,32.71,29,2238,523,2061,504,2.5559
-117.1,32.71,29,3422,713,2775,644,1.7075
-117.1,32.71,25,939,247,1003,240,1.75
-117.11,32.72,25,1491,348,1183,316,1.9583
-117.11,32.71,30,1729,457,1673,460,1.7
-117.11,32.7,34,2028,522,1797,464,1.7402
-117.11,32.7,37,2045,502,1920,472,1.8125
-117.11,32.7,33,1980,488,1626,428,1.4856
-117.12,32.7,14,819,237,827,237,1.3194
-117.12,32.7,36,1011,253,763,226,1.8187
-117.11,32.71,29,1040,291,1054,297,1.1818
-117.1,32.69,37,1269,340,1369,302,2.2102
-117.1,32.69,35,1292,272,1183,272,2.0547
-117.11,32.69,36,1421,367,1418,355,1.9425
-117.11,32.69,34,1144,295,1271,302,2.09
-117.11,32.69,37,2395,627,2489,599,1.5933
-117.11,32.69,39,395,159,620,162,2.725
-117.12,32.69,46,200,77,180,65,1.0658
-117.12,32.69,37,1082,294,1146,265,2.0673
-117.12,32.7,38,818,217,953,231,1.0531
-117.12,32.7,37,1361,348,1398,328,1.1681
-117.13,32.69,36,1469,400,1271,340,1.043
-117.13,32.7,48,786,230,917,231,1.875
-117.13,32.7,42,1210,292,945,258,0.8991
-117.13,32.7,38,1445,392,1286,357,1.4632
-117.13,32.7,35,1179,344,1372,330,1.9509
-117.12,32.71,33,1256,331,1315,321,1.9286
-117.13,32.71,38,993,246,760,205,1.1563
-117.13,32.71,42,1145,314,1114,307,1.2614
-117.13,32.71,44,1697,413,1396,363,1.5474
-117.13,32.72,32,2197,623,1784,599,1.901
-117.12,32.71,24,421,101,396,113,0.6433
-117.13,32.72,9,2436,720,1780,653,1.8299
-117.13,32.72,19,1341,435,1048,360,1.975
-117.12,32.72,36,6096,1285,3093,1229,3.37
-117.12,32.73,50,2307,424,887,356,3.5156
-117.12,32.73,52,3976,718,1750,769,3.4151
-117.13,32.74,46,3355,768,1457,708,2.6604
-117.13,32.73,52,1148,214,481,215,5.454
-117.13,32.73,52,2676,557,1181,537,3.6058
-117.13,32.74,50,1527,338,728,322,2.625
-117.13,32.73,43,2706,667,1531,614,2.1513
-117.13,32.72,43,2160,504,1221,452,2.4821
-117.13,32.72,52,1560,307,757,315,2.7083
-117.13,32.73,52,1911,415,777,412,2.2429
-117.14,32.72,42,1558,458,1227,407,2.2804
-117.13,32.72,17,1285,423,1208,409,1.758
-117.14,32.71,34,1694,455,1467,425,2.1164
-117.14,32.71,32,719,251,894,208,1.8456
-117.14,32.72,43,1073,344,660,279,2.0529
-117.14,32.72,45,1140,310,840,339,1.6156
-117.14,32.72,34,2533,862,2011,778,2.1199
-117.14,32.71,52,1225,332,955,321,1.6011
-117.14,32.71,52,979,314,975,297,1.2375
-117.14,32.71,52,800,313,1337,282,1.5594
-117.13,32.71,37,1220,325,1472,323,1.825
-117.13,32.71,35,614,180,691,164,1.6953
-117.14,32.71,43,966,255,857,208,1.2841
-117.14,32.71,39,1647,478,2176,479,1.7642
-117.14,32.7,32,1280,353,1335,330,1.6023
-117.13,32.7,35,365,98,463,112,2.5588
-117.14,32.7,43,1126,289,1132,294,2.1875
-117.14,32.7,40,1227,330,1199,316,1.2188
-117.14,32.7,36,633,148,557,139,1.5729
-117.14,32.7,48,510,180,545,132,1.8008
-117.14,32.7,44,658,218,869,212,1.9338
-117.14,32.7,47,552,161,593,174,0.9589
-117.15,32.7,50,475,172,483,120,1.3657
-117.15,32.71,52,402,183,557,172,1.3125
-117.15,32.7,52,458,148,1283,166,1.2863
-117.15,32.71,52,217,82,531,93,1.6607
-117.15,32.72,52,344,177,460,147,1.2292
-117.16,32.72,52,788,463,805,391,0.9142
-117.16,32.71,52,845,451,1230,375,1.0918
-117.16,32.71,5,2508,827,2066,761,1.3092
-117.17,32.71,7,2493,693,951,641,4.2375
-117.17,32.71,39,311,181,206,113,0.7685
-117.14,32.73,26,450,132,317,109,4
-117.16,32.72,24,1232,663,1184,626,1.0391
-117.16,32.73,52,1218,471,821,429,1.9597
-117.16,32.72,27,1245,471,653,451,1.2668
-117.17,32.73,52,408,143,313,143,1.815
-117.17,32.72,44,626,256,572,229,1.5909
-117.16,32.73,52,1682,617,873,534,2.0972
-117.16,32.73,52,1863,559,906,493,1.9203
-117.17,32.73,52,1578,487,879,446,2.4069
-117.16,32.74,49,1815,495,601,410,3.0571
-117.16,32.74,43,1437,406,692,379,3.1979
-117.17,32.74,39,3803,806,1567,775,3.7039
-117.17,32.74,38,5054,1168,2366,1103,2.9422
-117.17,32.73,52,55,18,65,22,1.6591
-117.2,32.76,40,581,157,298,156,2.4
-117.19,32.75,33,1115,316,583,269,2.5882
-117.18,32.74,20,1165,269,459,244,3.175
-117.19,32.75,52,25,5,13,5,0.536
-117.21,32.75,15,1716,702,914,672,1.0612
-117.21,32.74,45,3025,583,1980,550,2.2982
-117.21,32.75,27,2072,534,1118,510,2.8043
-117.22,32.75,24,3914,985,2147,874,2.9735
-117.22,32.75,26,696,185,384,184,2.6121
-117.23,32.75,23,2415,653,1275,596,3.1389
-117.22,32.75,26,617,112,251,110,3.8036
-117.23,32.75,11,4304,1245,1960,1105,3.3456
-117.21,32.74,52,1245,174,468,193,6.9322
-117.22,32.74,52,1283,173,436,190,7.4029
-117.22,32.74,52,1260,202,555,209,7.2758
-117.22,32.74,41,2621,542,1074,471,2.4016
-117.22,32.75,34,6001,1111,2654,1072,4.5878
-117.22,32.73,38,3966,768,1640,729,3.8409
-117.23,32.73,35,2914,683,1562,638,2.5259
-117.23,32.73,44,1168,263,509,256,2.7273
-117.23,32.72,43,952,209,392,210,2.1635
-117.23,32.74,44,1404,229,513,217,4.1806
-117.24,32.74,43,2216,375,918,388,5.5289
-117.24,32.73,37,2260,354,809,351,5.9113
-117.23,32.73,36,2052,287,699,265,7.5557
-117.23,32.72,38,2827,581,972,558,3.2361
-117.24,32.71,32,4164,701,1277,607,6.6661
-117.24,32.72,39,3089,431,1175,432,7.5925
-117.24,32.72,39,3819,594,1361,583,6.6013
-117.25,32.73,38,1840,291,633,283,4.9125
-117.25,32.72,36,2632,450,2038,419,6.5319
-117.25,32.72,33,1677,228,629,239,6.597
-117.25,32.73,37,2224,331,821,341,6.3331
-117.28,32.73,44,1934,325,783,316,4.8684
-117.28,32.74,33,4168,1112,1785,984,2.7515
-117.25,32.74,36,3548,956,1648,866,2.6962
-117.25,32.74,36,1830,430,755,419,2.9904
-117.25,32.74,40,2186,549,953,515,2.8007
-117.24,32.74,44,1686,285,712,298,4.0268
-117.24,32.74,44,1488,259,667,281,4.0862
-117.25,32.73,39,1688,256,635,272,4.5938
-117.23,32.75,21,2050,608,1131,550,2.4779
-117.23,32.74,16,735,139,299,134,4.6354
-117.23,32.74,16,1953,404,798,385,4.8167
-117.23,32.74,35,2615,525,1312,547,4.1339
-117.24,32.74,45,1718,293,757,329,4.05
-117.24,32.75,36,2831,669,1279,660,2.9896
-117.24,32.75,36,1856,475,822,416,2.3042
-117.24,32.75,41,1989,514,1015,489,2.79
-117.25,32.74,36,1240,310,577,319,2.6625
-117.25,32.75,32,3551,1037,1731,935,2.2017
-117.25,32.75,36,1929,526,974,491,1.7622
-117.24,32.75,33,1980,614,1057,567,2.2042
-117.25,32.75,37,1189,377,645,377,2.4672
-117.28,32.75,34,981,313,508,304,2.2328
-117.25,32.79,37,1467,442,651,354,2.375
-117.25,32.79,43,906,240,458,205,1.8365
-117.25,32.78,36,1527,427,710,312,2.7857
-117.25,32.78,21,1479,484,658,384,2.45
-117.28,32.77,38,1267,340,442,250,4.3403
-117.25,32.77,32,2021,524,973,485,3.18
-117.25,32.77,35,2494,690,1126,624,4.0313
-117.25,32.76,38,2331,493,836,433,4.9125
-117.22,32.78,22,2020,466,1010,429,3.4527
-117.23,32.79,23,2578,665,989,622,3.5484
-117.23,32.79,28,2453,648,1082,617,3.625
-117.23,32.78,35,1649,355,746,360,4.6293
-117.24,32.78,44,2172,431,892,420,4.1742
-117.24,32.79,17,1149,266,403,228,4.1652
-117.24,32.79,18,2539,616,964,526,3.4306
-117.24,32.79,20,961,278,525,254,3.1838
-117.24,32.79,25,2135,691,566,320,2.6902
-117.24,32.79,18,1741,602,508,283,3.2625
-117.21,32.8,19,786,282,525,229,1.7273
-117.22,32.8,23,1906,525,1029,491,2.93
-117.23,32.8,22,2981,873,1751,745,2.3482
-117.23,32.8,27,1297,355,776,337,2.4643
-117.23,32.81,28,1508,263,996,267,3.8026
-117.22,32.81,21,1703,335,902,369,3.7813
-117.25,32.8,37,1096,260,490,267,3.2663
-117.25,32.8,32,1601,468,731,429,2.5568
-117.25,32.8,30,2061,631,1007,577,2.5813
-117.25,32.8,31,2182,630,1069,599,2.9781
-117.25,32.79,27,848,300,455,298,3.0774
-117.25,32.79,25,1627,375,735,378,3.6429
-117.28,32.8,20,1838,540,615,325,3.5486
-117.23,32.8,21,2429,579,1011,538,3.225
-117.23,32.8,31,1403,388,724,371,2.6403
-117.23,32.8,28,3379,918,1849,849,3.0293
-117.24,32.8,26,3433,873,1492,798,2.9258
-117.24,32.8,28,1072,331,692,321,2.1357
-117.24,32.8,18,2205,661,874,580,3.8018
-117.24,32.8,19,1863,497,868,503,2.288
-117.24,32.8,30,1917,462,828,437,2.4671
-117.24,32.8,29,3376,882,1513,843,3.101
-117.25,32.81,32,2402,551,1020,532,3.3942
-117.25,32.8,35,2281,506,1005,496,4.2296
-117.25,32.8,26,2442,659,1134,624,3.3274
-117.26,32.81,25,2076,586,1060,554,2.8421
-117.26,32.81,30,1328,346,577,328,2.3284
-117.26,32.81,37,1616,421,650,395,2.92
-117.29,32.81,35,1878,308,598,257,6.9553
-117.26,32.8,30,1446,385,650,344,3.744
-117.24,32.81,33,1588,289,683,301,5.4103
-117.24,32.81,34,2420,391,917,392,6.5881
-117.25,32.81,39,1846,350,765,329,3.9187
-117.27,32.84,34,1655,450,870,411,3.2109
-117.28,32.84,41,1420,338,640,314,2.9306
-117.27,32.83,39,1877,426,805,409,3.875
-117.28,32.83,34,2392,653,933,619,3.7306
-117.31,32.83,38,2367,480,891,428,4.1477
-117.27,32.82,35,2908,595,1068,529,4.1793
-117.27,32.82,42,2820,488,1175,500,4.5083
-117.31,32.82,42,2785,389,833,333,11.3074
-117.27,32.85,34,2105,444,780,406,2.3187
-117.28,32.84,21,2455,660,1015,597,3.7596
-117.3,32.85,28,2334,694,770,552,3.1324
-117.23,32.81,24,3271,508,1496,482,5.9359
-117.23,32.81,22,3205,429,1083,410,8.1844
-117.24,32.82,20,2467,332,731,335,7.2559
-117.25,32.84,19,1759,214,659,195,10.7751
-117.26,32.85,30,3652,499,978,462,8.2374
-117.25,32.83,17,2075,262,704,241,10.9529
-117.27,32.84,26,3940,657,1180,600,6.1025
-117.23,32.88,18,5566,1465,6303,1458,1.858
-117.22,32.85,26,1647,261,694,259,4.6875
-117.22,32.84,19,2691,347,1154,366,8.051
-117.23,32.85,25,4229,601,1634,574,6.3955
-117.21,32.86,24,3596,494,1573,492,6.5382
-117.21,32.86,26,1352,202,654,217,5.3693
-117.21,32.85,15,2593,521,901,456,4.2065
-117.21,32.85,26,2012,315,872,335,5.4067
-117.24,32.83,18,3109,501,949,368,7.4351
-117.25,32.82,19,5255,762,1773,725,7.8013
-117.25,32.82,23,6139,826,2036,807,9.5245
-117.26,32.83,24,1663,199,578,187,10.7721
-117.26,32.82,34,5846,785,1817,747,8.496
-117.27,32.83,35,1420,193,469,177,8.0639
-117.29,32.92,25,2355,381,823,358,6.8322
-117.25,32.86,30,1670,219,606,202,12.4429
-117.25,32.86,25,2911,533,1137,499,5.1023
-117.25,32.86,27,2530,469,594,326,7.2821
-117.26,32.85,42,1761,329,480,255,5.3787
-117.24,32.85,18,3117,475,904,368,6.7587
-117.24,32.85,22,3479,448,1252,440,10.0707
-117.19,32.86,18,4231,728,2030,720,6.1805
-117.19,32.86,19,3716,563,1788,587,5.2113
-117.2,32.85,22,3501,631,1297,581,4.7891
-117.2,32.85,26,2298,549,980,555,2.4207
-117.19,32.85,15,2895,498,1164,443,5.102
-117.23,32.87,15,2290,662,1034,594,3.0104
-117.23,32.86,16,1675,354,604,332,5.2326
-117.23,32.86,15,1199,301,510,296,3.6083
-117.23,32.86,15,1703,320,587,282,5.0855
-117.23,32.86,16,1200,468,648,443,3.045
-117.23,32.87,11,3123,740,1223,634,5.417
-117.21,32.86,16,2800,566,1267,518,3.2794
-117.22,32.87,14,3512,807,1835,792,3.35
-117.22,32.86,4,16289,4585,7604,4176,3.6287
-117.22,32.87,5,3511,1008,1599,918,3.8542
-117.21,32.89,14,3114,773,1592,776,3.3176
-117.2,32.86,4,4308,1095,1923,932,3.9356
-117.21,32.87,12,1428,303,528,269,4.1429
-117.15,32.91,15,1613,303,702,240,4.875
-117.15,32.91,14,1259,238,889,247,4.9464
-117.16,32.91,5,1619,272,1063,296,6.0891
-117.15,32.91,10,2349,431,1598,435,4.8229
-117.15,32.9,12,1681,381,1050,362,4.2008
-117.16,32.89,5,8576,1952,5006,1827,4.3598
-117.12,32.91,8,3405,961,1742,918,2.8728
-117.13,32.91,15,1450,266,747,290,3.6111
-117.13,32.91,16,3230,579,1825,576,4.2969
-117.13,32.91,16,2715,581,1619,584,4
-117.14,32.91,14,3014,710,2165,705,3.7837
-117.13,32.9,15,2785,644,1798,630,3.7156
-117.12,32.9,14,3249,937,1929,838,2.8588
-117.12,32.9,13,1743,363,854,353,4.6667
-117.13,32.92,16,2173,399,1460,393,4.2614
-117.13,32.92,17,1481,315,1002,300,3.6196
-117.14,32.92,7,1308,418,766,390,3.2151
-117.14,32.92,6,3069,750,1541,736,3.814
-117.14,32.92,15,3242,595,1936,593,4.9706
-117.13,32.92,16,1580,241,917,261,4.7266
-117.13,32.92,16,1565,257,893,239,5.5036
-117.13,32.94,15,4846,825,2797,823,4.9375
-117.13,32.93,16,2918,444,1697,444,5.3062
-117.14,32.93,14,1946,463,1205,390,4.2109
-117.14,32.93,12,1474,364,1009,372,4.0521
-117.14,32.93,16,2412,419,1612,422,4.5086
-117.12,32.93,7,1427,243,927,239,5.3625
-117.15,32.93,16,2718,438,1515,431,5.1433
-117.14,32.92,15,1558,314,949,332,5.2864
-117.15,32.92,16,1972,402,1377,413,4.4615
-117.15,32.92,16,2366,392,1482,407,4.9024
-117.15,32.92,16,2969,514,1594,465,4.5221
-117.18,32.92,4,15025,2616,7560,2392,5.196
-117.25,32.96,18,4773,743,1970,716,6.6199
-117.26,32.95,15,1036,149,395,157,5.8343
-117.26,32.95,15,1882,233,704,219,6.9794
-117.25,32.94,16,4755,807,1829,756,6.7694
-117.25,32.94,15,1804,339,673,296,5.9806
-117.24,32.95,18,1591,268,547,243,5.9547
-117.24,32.94,12,2165,437,792,386,5.2648
-117.13,32.98,5,2276,311,1158,317,6.4321
-117.13,32.97,10,3486,469,1700,483,6.4696
-117.18,32.95,4,19001,2688,8980,2441,6.3237
-117.14,32.96,12,5949,799,2936,781,6.3721
-117.13,32.96,15,2267,292,1180,289,6.712
-117.24,32.98,4,6423,1042,2607,983,7.6348
-117.21,32.96,3,6251,988,2330,893,8.4355
-117.22,32.95,4,18123,3173,7301,2964,6.357
-117.22,32.83,34,2936,597,1512,571,3.7841
-117.22,32.83,31,3958,727,1924,728,5.4605
-117.22,32.83,17,1124,187,553,205,5.7451
-117.22,32.83,31,2558,512,1164,492,3.4318
-117.22,32.82,35,756,135,423,136,3.5234
-117.2,32.84,34,3353,544,1583,571,4.55
-117.2,32.84,32,2033,394,989,389,3.2583
-117.21,32.84,34,2158,366,1046,335,4.5402
-117.2,32.83,36,1089,240,623,226,2.5909
-117.21,32.83,36,1475,328,806,327,3.5078
-117.21,32.83,28,3241,533,1334,513,4.1806
-117.21,32.83,35,2259,501,1340,511,3.4482
-117.21,32.81,33,4773,873,1954,845,4.3862
-117.21,32.82,31,2035,383,866,360,3.8529
-117.21,32.81,27,1318,216,495,191,5.2837
-117.22,32.82,22,3738,795,1476,728,3.7963
-117.22,32.81,24,730,196,335,203,3.5078
-117.2,32.83,35,1377,350,792,313,2.8472
-117.2,32.82,35,1217,220,643,237,3.9464
-117.2,32.82,35,2772,537,1392,521,3.337
-117.19,32.82,34,3850,608,1619,602,5.0465
-117.19,32.82,35,1074,180,442,173,5.253
-117.19,32.82,35,2197,353,945,357,4.9219
-117.18,32.84,31,3064,575,1476,549,3.6667
-117.18,32.84,30,2290,523,1272,472,3.5606
-117.18,32.84,32,1351,237,823,269,4.2768
-117.19,32.84,30,2492,406,1250,431,5.5277
-117.19,32.84,35,2263,427,1001,408,3.875
-117.18,32.83,23,2105,525,1218,484,3.375
-117.19,32.83,30,2288,448,1240,469,4.0114
-117.19,32.83,30,3225,555,1601,532,4.3317
-117.17,32.83,24,3541,530,1591,530,5.3538
-117.17,32.82,24,1623,417,911,397,2.7401
-117.17,32.82,21,2869,596,1471,577,3.0375
-117.18,32.83,27,2346,399,1105,373,4.2708
-117.18,32.83,31,1772,353,1090,350,3.9265
-117.16,32.82,28,2291,371,1098,382,4.6875
-117.17,32.81,26,2424,388,974,375,4.739
-117.17,32.81,26,788,127,346,125,5.0603
-117.18,32.81,19,6823,1509,3784,1509,3.1032
-117.17,32.82,24,1569,377,715,321,3.1146
-117.16,32.81,14,4328,1100,2046,1044,2.2899
-117.16,32.81,35,1213,200,532,181,3.6806
-117.16,32.8,37,422,79,211,80,3.0625
-117.16,32.8,22,2259,634,1213,601,2.5
-117.16,32.81,34,2275,375,1021,379,3.6371
-117.17,32.81,33,3064,506,1355,488,4.22
-117.14,32.83,25,2161,462,896,468,2.2284
-117.18,32.82,25,1756,301,722,312,4.5625
-117.18,32.81,28,3436,537,1503,498,4.7679
-117.19,32.81,33,5226,833,2221,839,5.1491
-117.18,32.8,10,3821,631,1605,609,5.5454
-117.18,32.8,30,2456,390,1022,393,3.8542
-117.18,32.79,30,5201,1104,2961,1064,3.2661
-117.17,32.79,44,2262,647,3009,657,2.2663
-117.17,32.79,43,1269,297,946,285,2.1447
-117.16,32.8,25,1399,329,1308,355,2.5682
-117.17,32.8,20,2827,554,1822,536,3.4706
-117.15,32.8,27,1937,537,1211,482,2.75
-117.15,32.8,23,2395,476,2284,488,3.7292
-117.16,32.78,24,3566,765,1697,722,3.6375
-117.16,32.79,32,1731,413,1569,427,3.3375
-117.17,32.78,17,3845,1051,3102,944,2.3658
-117.16,32.78,34,2515,488,1594,515,3.7381
-117.17,32.78,42,1104,305,892,270,2.2768
-117.17,32.77,35,1399,274,695,281,3.767
-117.17,32.77,6,3856,875,1547,816,4.5481
-117.18,32.77,16,2374,780,913,705,2.7386
-117.18,32.76,8,3694,997,1297,807,3.6492
-117.18,32.76,17,711,254,327,227,2.6493
-117.18,32.78,21,4185,1018,3122,993,3.0481
-117.18,32.77,23,1215,225,592,224,3.4
-117.21,32.81,26,2496,407,1062,380,5.5413
-117.2,32.8,34,4854,912,2089,854,3.8542
-117.2,32.79,16,2079,394,746,383,5.0958
-117.2,32.8,33,2573,436,1084,443,4.2417
-117.21,32.8,34,1398,222,532,244,3.7102
-117.19,32.8,16,2593,794,1235,684,3.1304
-117.2,32.8,36,4018,1067,1620,842,2.3599
-117.19,32.79,36,1514,258,665,278,3.8571
-117.19,32.79,35,1788,378,777,374,3.3713
-117.2,32.79,31,3417,533,1245,532,4.7788
-117.2,32.79,34,757,212,409,222,3.2312
-117.19,32.78,34,4108,664,1659,644,4.4097
-117.2,32.78,38,2662,498,1132,496,4.0057
-117.19,32.77,30,2747,640,3185,657,3.765
-117.19,32.77,16,3273,670,1305,671,4.1368
-117.19,32.77,9,634,152,248,133,3.8571
-117.19,32.77,14,3575,992,1645,839,2.4397
-117.2,32.77,30,156,45,77,40,3.2679
-117.2,32.77,31,1952,471,936,462,2.8621
-117.15,32.81,34,1629,318,900,282,3.1458
-117.15,32.8,41,1413,261,1070,259,2.3578
-117.14,32.8,41,2423,469,1813,466,2.1157
-117.14,32.8,33,2670,435,1256,431,3.9417
-117.14,32.8,35,1267,212,710,204,2.5368
-117.14,32.79,35,3578,582,1568,553,4.7813
-117.15,32.78,25,1577,266,611,284,5.25
-117.14,32.79,31,984,161,422,158,5.282
-117.13,32.81,19,2157,554,1349,535,2.7652
-117.14,32.81,34,1748,294,800,294,4.4886
-117.13,32.8,15,1606,375,784,342,3.7237
-117.13,32.8,33,2731,456,1263,445,4.5568
-117.12,32.8,29,2863,534,1392,522,3.8719
-117.13,32.81,26,2119,444,1202,440,3.2308
-117.12,32.8,31,1727,342,879,345,3.8125
-117.13,32.8,35,2129,382,1044,350,3.9732
-117.13,32.79,35,1458,262,723,257,4.2098
-117.13,32.79,35,1362,243,698,255,3.6458
-117.12,32.78,4,2782,817,1309,787,4.2621
-117.15,32.77,16,2056,631,847,569,2.9576
-117.09,32.81,7,6100,1185,2710,1040,5.5673
-117.11,32.82,16,3980,682,3174,647,2.6607
-117.11,32.82,17,1787,330,1341,314,2.875
-117.11,32.81,15,3428,491,2303,486,2.5953
-117.11,32.8,17,3890,586,2791,595,3.2197
-117.09,32.8,15,666,152,247,164,2.15
-117.11,32.84,16,4608,629,2020,636,6.04
-117.11,32.82,16,4241,892,1771,864,4.375
-117.1,32.83,16,1049,154,467,160,6.2047
-117.1,32.83,16,4214,744,1820,699,4.3783
-117.09,32.83,15,4138,636,2001,677,4.8419
-117.08,32.82,16,1787,236,770,228,7.1298
-117.08,32.82,10,5177,856,2190,816,5.9734
-117.08,32.83,7,13703,2352,4446,1856,6.4335
-117.04,32.83,8,2205,348,777,341,6.0266
-117.07,32.91,5,2234,256,894,253,10.3354
-117.04,32.9,6,6525,826,3146,806,9.2858
-117.08,32.8,25,2963,552,1162,556,3.625
-117.09,32.79,20,2183,534,999,496,2.8631
-117.09,32.8,36,2163,367,915,360,4.7188
-117.08,32.8,32,1587,268,635,249,3.375
-117.11,32.79,16,2574,771,1129,721,3.3849
-117.11,32.79,16,1791,518,1006,491,3.5179
-117.11,32.78,16,2470,830,1170,724,3.5562
-117.11,32.78,16,2220,512,930,527,3.6528
-117.09,32.79,36,1529,266,683,260,4.0982
-117.09,32.79,36,1936,345,861,343,3.8333
-117.09,32.79,31,2019,417,872,386,3.1964
-117.09,32.78,28,1708,393,816,393,2.9881
-117.07,32.8,31,2550,395,1017,405,5.1488
-117.07,32.8,36,2028,349,820,352,3.9828
-117.07,32.79,36,3583,642,1711,602,3.9745
-117.07,32.8,23,2698,410,1094,411,5.1782
-117.07,32.81,15,2000,402,778,369,4.3594
-117.06,32.81,17,3939,550,1694,553,6.7927
-117.05,32.81,17,1885,292,771,301,5.6402
-117.05,32.8,17,1475,308,549,293,3.7167
-117.06,32.8,17,2247,340,973,318,5.5
-117.07,32.79,25,2489,314,911,309,7.8336
-117.07,32.78,26,3725,623,1516,627,4.7143
-117.08,32.78,21,2919,496,984,443,4.625
-117.04,32.79,23,2491,350,863,348,6.7196
-117.04,32.8,25,2504,345,1067,350,5.7416
-117.05,32.8,16,1561,378,574,350,3.0035
-117.05,32.8,25,1905,250,865,253,6.4797
-117.05,32.8,23,3309,401,1116,386,7.916
-117.06,32.79,17,2524,332,771,317,8.7604
-117.06,32.79,21,3787,492,1246,457,9.6023
-117.06,32.78,31,2485,436,942,448,4.8
-117.02,32.8,27,2369,370,927,374,4.1162
-117.03,32.79,26,3859,513,1469,538,5.8683
-117.03,32.8,19,3866,775,1554,703,4.3281
-117.04,32.8,11,1802,440,630,428,2.0337
-117.01,32.8,17,1042,210,650,215,3.1
-117.01,32.8,17,1558,479,803,431,2.6934
-117.01,32.8,20,2705,545,1198,497,3.7159
-117.01,32.79,33,4015,663,1864,664,4.3152
-117.02,32.8,29,1232,243,665,247,3.65
-117.02,32.8,31,2692,445,1129,450,4.4583
-117.01,32.81,26,4499,645,1866,626,5.516
-117.02,32.81,27,1950,317,950,320,4.0656
-117.02,32.81,26,1998,301,874,305,5.4544
-117.01,32.81,21,4203,618,1620,600,5.3441
-117.02,32.81,14,3173,599,1451,585,3.7292
-117.03,32.82,16,1765,289,743,280,4.9744
-117.04,32.81,12,2880,406,1381,418,6.5412
-117.05,32.82,16,4046,731,1684,701,4.2312
-117.05,32.59,26,1919,345,1326,341,4.2679
-117.06,32.59,13,3920,775,2814,760,4.0616
-117.05,32.58,22,2101,399,1551,371,4.1518
-117.06,32.58,17,2724,567,2213,554,3.8529
-117.06,32.58,13,3435,708,1761,699,3.4792
-117.06,32.58,11,2879,679,2098,673,3.5125
-117.06,32.57,16,1269,282,1609,298,2.6985
-117.04,32.58,14,2355,406,1883,401,5.0311
-117.04,32.58,20,2029,357,1497,353,4.0089
-117.05,32.58,23,1918,339,1392,340,4.087
-117.05,32.58,25,2185,370,1558,369,5.3072
-117.05,32.57,22,2857,516,2412,496,4.7337
-117.06,32.57,25,1268,282,991,299,3.0284
-117.06,32.57,17,2252,378,1776,365,4.6364
-117.05,32.57,13,2880,576,2450,567,3.1696
-117.05,32.56,18,1215,320,1195,349,1.9875
-117.05,32.56,17,985,233,811,223,2.875
-117.06,32.57,18,1384,311,1429,287,1.3362
-116.97,32.56,23,1262,294,5176,275,2.5625
-117.04,32.55,15,2206,648,2511,648,1.6348
-117.05,32.56,22,2172,563,2049,524,2.0159
-117.06,32.56,17,2803,683,2768,676,1.7958
-117.06,32.56,5,2706,925,3148,855,1.7301
-117.06,32.55,5,3223,940,3284,854,1.4384
-117.04,32.54,7,938,297,1187,282,1.2667
-117.1,32.59,21,2350,667,1621,613,2.0734
-117.1,32.58,23,1662,377,1318,386,2.3
-117.1,32.58,17,2046,559,1585,530,2.25
-117.1,32.58,33,393,76,330,80,4.1029
-117.1,32.58,29,1061,202,759,206,4.8646
-117.1,32.57,26,2343,371,1221,372,4.3601
-117.1,32.56,16,2687,501,1502,480,3.75
-117.07,32.57,17,2961,634,1911,615,2.5859
-117.08,32.57,18,2203,544,1943,497,2.25
-117.07,32.57,14,1527,357,1224,363,2.7361
-117.07,32.56,9,3648,895,3293,840,3.0992
-117.08,32.59,8,2888,662,2441,683,2.7048
-117.08,32.58,15,1462,274,1002,271,3.9698
-117.08,32.58,22,2128,477,1420,450,3.2687
-117.07,32.58,25,1607,280,899,260,3.8194
-117.09,32.58,12,2565,567,1785,545,3.0273
-117.08,32.57,9,6298,1512,4451,1456,2.569
-117.09,32.57,23,1817,323,1371,327,3.6736
-117.09,32.57,10,2198,368,1645,350,4.5547
-117.09,32.57,17,444,83,357,87,5.1478
-117.09,32.56,8,864,156,626,172,4.8984
-117.09,32.55,8,6533,1217,4797,1177,3.9583
-117.12,32.58,34,2003,466,1226,443,3.0613
-117.12,32.57,21,1738,295,983,298,4.8274
-117.13,32.58,27,2511,615,1427,576,3.1645
-117.13,32.58,32,1870,437,1142,426,2.3194
-117.13,32.58,27,1417,373,814,348,2.3603
-117.12,32.56,20,2524,682,1819,560,2.9286
-117.11,32.58,28,1869,407,1074,344,2.5988
-117.11,32.57,32,2723,586,1702,562,3.3371
-117.12,32.57,35,1450,256,930,286,2.6715
-117.12,32.58,26,1360,309,869,328,3.0217
-117.11,32.58,21,2894,685,2109,712,2.2755
-117.1,32.58,27,2616,591,1889,577,2.3824
-117.1,32.57,14,5058,1299,3662,1193,2.3253
-117.11,32.59,17,2020,534,1529,500,2.1773
-117.11,32.58,12,1086,294,870,290,2.4213
-117.11,32.59,18,2329,580,1538,567,2.1179
-117.12,32.59,28,2793,706,1825,676,2.6724
-117.16,32.58,36,1940,399,1076,382,3.3906
-117.13,32.63,10,7374,1157,1900,794,8.7991
-117.17,32.63,26,1617,279,2745,250,3.5357
-117.17,32.68,16,5895,1424,873,522,7.3669
-117.18,32.68,29,1539,344,556,289,3.25
-117.18,32.69,52,1837,313,668,300,5.1009
-117.18,32.69,37,3112,716,1304,674,3.2121
-117.18,32.69,44,2819,514,1258,503,4.4777
-117.17,32.69,40,2236,331,767,316,5.3177
-117.18,32.69,48,2764,491,978,449,5.1249
-117.17,32.69,19,2802,802,1159,597,4.7891
-117.17,32.69,45,3168,598,1341,562,4.5189
-117.17,32.7,33,4084,897,1804,833,4.0488
-117.18,32.7,44,2655,514,1102,489,3.6759
-117.18,32.7,42,1691,286,761,281,5.1386
-117.19,32.69,35,2921,438,1042,415,6.3612
-117.11,32.68,36,26,14,58,23,1.9107
-117.11,32.67,43,515,146,445,140,1.6094
-117.11,32.67,46,928,236,790,235,1.6806
-117.11,32.67,52,204,74,248,57,1.7961
-117.12,32.66,52,16,4,8,3,1.125
-117.11,32.67,52,280,71,217,71,1.4844
-117.11,32.66,52,25,5,14,9,1.625
-117.09,32.67,37,1157,332,983,306,2.0972
-117.09,32.66,38,833,206,570,182,1.8333
-117.09,32.66,37,1232,330,1086,330,1.6389
-117.1,32.66,27,1782,560,1785,560,2.1542
-117.1,32.67,26,2629,763,2721,767,2.0982
-117.1,32.67,22,1690,541,1669,494,2.0213
-117.09,32.68,30,2662,653,1997,605,2.8089
-117.09,32.67,31,2051,549,1581,538,2.052
-117.1,32.67,15,1635,553,1347,597,1.2745
-117.1,32.68,20,1012,269,837,240,2.0488
-117.1,32.69,29,4174,1195,3675,1124,1.8112
-117.1,32.68,42,2013,568,1920,557,2.0724
-117.1,32.68,47,771,224,637,212,2.0156
-117.1,32.68,49,1412,350,1200,332,2.0398
-117.1,32.68,47,1044,274,1003,280,1.7802
-117.1,32.68,45,1183,289,900,266,2.4943
-117.07,32.69,29,1429,293,1091,317,3.4609
-117.08,32.69,31,2558,487,1938,492,3.4875
-117.08,32.69,36,1571,284,1001,268,3.6875
-117.09,32.69,34,1469,267,1031,267,3.4583
-117.09,32.68,29,1792,449,1650,396,2.2201
-117.07,32.69,28,1485,275,820,283,4.069
-117.08,32.68,26,3071,615,2156,568,2.9318
-117.08,32.68,19,3635,1078,3127,1098,1.324
-117.09,32.68,20,2569,737,2341,705,2.0114
-117.07,32.67,28,2758,623,2179,631,2.3814
-117.08,32.67,31,3008,764,2088,757,2.5662
-117.09,32.66,46,844,147,423,161,3.375
-117.08,32.66,43,1004,236,839,235,2.81
-117.07,32.67,35,3200,725,1723,610,1.8977
-117.07,32.65,12,4131,891,2272,840,3.4701
-117.07,32.64,32,5135,1025,2152,944,4.1325
-117.08,32.64,43,1005,230,548,252,1.8672
-117.08,32.65,17,2633,712,1487,694,2.5392
-117.08,32.64,38,917,256,494,233,1.9241
-117.08,32.64,11,1651,533,947,515,1.6806
-117.09,32.65,20,1445,323,573,334,2.619
-117.09,32.65,25,3509,985,2359,899,2.6296
-117.08,32.65,28,2296,603,1277,550,2.3562
-117.09,32.64,38,2095,536,1240,550,2.7218
-117.09,32.64,30,3171,862,2126,800,2.507
-117.1,32.64,29,1578,460,1236,461,2.5658
-117.09,32.64,20,1999,651,1302,592,1.6321
-117.09,32.64,19,2571,791,1205,783,1.62
-117.09,32.63,27,2920,770,1935,746,2.4148
-117.11,32.64,23,1619,447,1025,415,1.858
-117.11,32.62,27,1846,509,1078,482,2.1719
-117.09,32.62,37,1538,298,867,285,3.0729
-117.09,32.62,37,1925,428,1344,426,2.4866
-117.09,32.62,34,1576,364,1153,381,2.1955
-117.08,32.63,33,2891,793,1607,754,2.1281
-117.09,32.64,24,3613,973,2002,931,1.947
-117.09,32.63,33,620,161,420,164,1.8417
-117.07,32.64,38,1486,269,745,295,4.6477
-117.07,32.63,37,2303,379,1026,357,3.455
-117.07,32.64,30,2873,774,1593,731,2.24
-117.06,32.63,37,1326,234,612,240,4.125
-117.06,32.62,36,786,125,408,138,3.9167
-117.07,32.63,40,1706,322,796,303,3.5583
-117.07,32.63,37,2372,444,1056,419,3.7583
-117.08,32.63,30,2504,559,1827,490,2.6146
-117.08,32.63,28,2080,427,1266,434,2.2788
-117.08,32.62,28,2468,506,1353,522,3.0771
-117.08,32.62,36,1674,309,818,307,3.4773
-117.09,32.61,23,1157,309,640,313,2.1548
-117.09,32.61,21,1945,430,1335,419,3.6467
-117.08,32.62,16,5192,1381,3261,1321,2.2685
-117.08,32.61,27,2264,525,1485,468,3.3514
-117.07,32.62,19,5016,1173,2750,1081,2.7838
-117.06,32.61,34,4325,1015,2609,979,2.8489
-117.07,32.61,22,5016,1331,3222,1196,2.1441
-117.07,32.6,18,2602,551,1042,550,1.9267
-117.07,32.59,21,1779,466,1327,488,1.6007
-117.08,32.59,30,144,52,220,48,2.3929
-117.08,32.6,24,1901,490,1334,476,2.2544
-117.07,32.61,10,1686,414,1000,391,2.1765
-117.06,32.61,24,4369,1353,3123,1247,2.0571
-117.06,32.61,23,1630,362,1267,418,2.5625
-117.07,32.6,13,1607,435,983,400,2.2903
-117.06,32.6,25,1075,238,434,234,1.7472
-117.06,32.6,24,1088,268,1095,246,2.4191
-117.06,32.6,33,905,205,989,222,2.7014
-117.05,32.63,31,4911,861,2334,843,4.1958
-117.05,32.62,34,3928,686,2315,681,4.2851
-117.04,32.62,26,3620,607,2000,593,4.9962
-117.05,32.61,31,4033,715,2585,715,3.5096
-117.05,32.61,21,6034,1205,3795,1146,3.2633
-117.05,32.61,26,1563,286,1145,313,3.8615
-117.04,32.6,20,8052,1461,5094,1430,4.2241
-117.04,32.6,18,4747,846,3002,872,3.9076
-117.05,32.59,16,4683,929,3073,865,3.0495
-117.04,32.63,26,2074,356,1228,335,4.1154
-117.04,32.62,27,1710,282,1089,297,4.6793
-117.03,32.61,23,1553,216,778,229,5.1538
-117.03,32.61,22,1028,148,523,152,6.0086
-117.03,32.6,26,1335,224,742,215,5.152
-117.02,32.59,19,1902,335,1102,313,3.0365
-116.98,32.62,6,7995,1458,4771,1376,4.7068
-117.06,32.64,30,4494,667,1883,680,5.766
-117.06,32.63,29,4168,742,2096,713,4.2204
-116.98,32.68,22,2346,380,1217,382,5.5248
-117.01,32.67,17,2319,348,1125,337,5.551
-117,32.67,16,2238,307,1002,303,6.6143
-117.02,32.67,20,1505,184,635,182,6.5772
-117.01,32.66,11,9992,1368,4495,1316,6.9664
-116.97,32.65,4,16450,2833,7985,2683,5.6631
-116.99,32.64,15,4331,699,2046,627,3.9519
-117.04,32.65,8,8806,1401,3159,1059,4.2155
-117.03,32.65,14,1111,142,472,145,7.6344
-117,32.64,11,3098,490,1391,484,4.9792
-117.01,32.63,7,6483,976,3269,1005,5.7358
-117.04,32.64,5,2329,542,1213,514,4.0298
-117.02,32.64,5,260,41,157,42,6.5151
-117.03,32.63,13,2087,313,1165,330,5.7789
-117.03,32.63,14,2796,476,1466,464,5.2489
-117.04,32.63,26,2756,422,1166,398,5.1354
-116.99,32.74,17,3101,547,1410,486,3.1771
-116.98,32.74,17,3943,843,1995,766,2.6944
-116.98,32.74,24,977,147,454,169,4.9286
-116.98,32.74,16,3361,537,1754,578,5.1098
-116.98,32.72,15,4209,680,1914,641,4.5135
-116.98,32.73,16,952,143,530,143,5.0864
-116.98,32.72,4,1078,158,571,184,4.6667
-116.97,32.74,14,7410,1344,3597,1274,4.2192
-116.95,32.74,7,2722,578,1429,574,3.9583
-116.96,32.71,18,2413,533,1129,551,2.4567
-116.95,32.73,17,1635,272,960,279,5.2671
-116.97,32.76,26,2460,313,838,299,5.9878
-116.98,32.75,25,4137,662,1905,630,4.375
-116.97,32.75,28,3519,583,1720,590,4.7973
-116.98,32.75,18,1519,369,802,347,2.9886
-116.97,32.76,33,3071,466,1348,513,6.1768
-116.95,32.76,13,5543,857,2074,737,4.9528
-116.94,32.75,4,14934,2479,6945,2418,5.1221
-116.92,32.76,9,1859,307,947,304,5.9202
-116.92,32.76,7,1659,237,862,242,5.2741
-116.91,32.75,5,8710,1614,4372,1527,4.7813
-117,32.76,31,1989,280,805,301,6.5645
-116.99,32.76,21,3833,595,1645,589,4.625
-116.99,32.74,18,3341,611,1952,602,3.9844
-117,32.74,17,2357,599,1423,510,1.8856
-116.99,32.73,30,1856,339,1103,379,4.0357
-117.01,32.75,26,4038,706,2065,687,3.9545
-117.01,32.75,34,2105,340,973,357,4.3088
-117.01,32.73,22,2526,530,1556,529,2.8646
-117,32.73,17,6050,1143,3424,1131,3.7647
-117,32.72,10,3817,943,2352,875,2.1362
-117.01,32.72,12,2914,734,2104,703,2.3068
-116.99,32.7,15,3660,622,2629,612,4.0444
-117,32.7,23,2785,468,1456,449,4.3714
-116.98,32.71,18,2355,444,1277,433,3.4551
-116.99,32.71,21,3049,582,2355,585,3.8904
-117,32.71,22,2263,441,1395,416,3.725
-117.01,32.71,20,3506,692,1977,668,2.981
-116.99,32.72,15,825,130,334,131,4.0391
-116.99,32.72,14,1771,301,1046,284,4.775
-116.99,32.72,13,1330,216,719,215,3.8295
-116.99,32.72,11,1112,164,441,174,4.7679
-117.02,32.74,30,4205,772,2012,734,3.5
-117.03,32.73,32,1750,333,997,335,3.4784
-117.03,32.74,37,821,150,404,135,3.0125
-117.02,32.73,22,5201,865,3280,817,4.7952
-117.02,32.72,36,2030,369,1142,357,3.7763
-117.03,32.73,38,3174,606,1557,619,3.5861
-117.03,32.72,38,886,176,505,188,3.5938
-117.03,32.72,37,2192,455,1515,446,3.0588
-117.04,32.72,24,5474,955,3020,904,4.0813
-117.04,32.73,36,2084,400,1097,398,3.2717
-117.04,32.73,25,1375,267,1032,278,3.5492
-117.05,32.72,35,3669,617,1694,585,3.9485
-117.05,32.73,27,3184,588,1763,571,3.5529
